open_rate,click_rate,has_spammy_words,num_links,html_email,past_bounce,spam_trap_flag,actual,predicted,probability
0.36,0.07,0,2,1,0,0,0,0,4.182466e-06
0.22,0.39,0,2,0,0,0,0,0,1.0767785e-05
0.15,0.06,0,0,0,0,0,0,0,1.1430891e-06
0.2,0.13,0,1,0,0,0,0,0,3.8305676e-05
0.19,0.22,0,2,1,0,0,0,0,2.5602637e-06
0.37,0.19,0,3,0,0,1,0,0,0.0005849551
0.26,0.19,0,5,0,0,0,0,0,9.052599e-06
0.43,0.08,0,3,1,0,0,0,0,1.3599005e-06
0.32,0.04,0,4,1,0,0,0,0,1.820457e-06
0.2,0.11,0,0,0,0,0,0,0,1.1505114e-05
0.19,0.41,0,2,0,0,0,0,0,1.1405495e-05
0.38,0.09,0,1,1,0,0,0,0,2.6114426e-06
0.08,0.09,0,3,0,0,0,0,0,0.0007374556
0.53,0.09,0,0,0,0,0,0,0,1.9177717e-06
0.17,0.07,0,1,1,0,0,0,0,6.442814e-05
0.33,0.2,0,5,1,0,0,0,0,2.9530731e-06
0.42,0.04,0,6,1,0,0,0,0,4.8580296e-06
0.25,0.02,1,0,1,1,0,1,1,0.71033293
0.53,0.41,0,3,0,0,0,0,0,5.6751287e-07
0.27,0.06,0,0,0,0,1,0,0,0.005213934
0.15,0.01,0,3,0,0,0,0,0,3.2684933e-05
0.18,0.07,0,5,0,0,0,0,0,4.2451848e-05
0.53,0.09,0,3,0,0,0,0,0,1.686444e-06
0.09,0.27,1,2,0,0,0,0,0,0.00027881324
0.33,0.01,0,0,1,0,0,0,0,0.00023698906
0.28,0.07,0,2,1,0,0,0,0,1.17970685e-05
0.2,0.02,0,0,1,0,0,0,0,7.031726e-06
0.05,0.01,0,3,0,0,0,0,1,0.7178038
0.08,0.09,0,2,0,0,0,0,0,0.00013735228
0.08,0.05,0,0,0,0,0,0,0,0.00015221957
0.31,0.02,0,1,1,0,0,0,0,4.2123145e-05
0.24,0.28,0,3,1,0,0,0,0,7.2281216e-07
0.1,0.14,0,3,1,0,0,0,0,3.612641e-06
0.12,0.1,0,1,1,0,1,0,0,0.026409391
0.18,0.08,0,1,1,0,0,0,0,6.353912e-06
0.19,0.05,0,1,0,0,0,0,0,4.7576514e-06
0.05,0.09,0,1,1,0,0,0,0,2.6317077e-05
0.59,0.0,0,1,0,0,0,0,0,0.00018199625
0.57,0.05,0,3,1,0,0,0,0,1.5321606e-05
0.07,0.1,0,2,0,0,0,0,0,0.00046639502
0.65,0.01,0,0,1,0,0,0,0,0.0001590867
0.21,0.19,1,1,1,0,0,0,0,2.74557e-06
0.61,0.24,0,2,0,0,0,0,0,6.400816e-05
0.49,0.12,0,0,0,0,1,0,0,0.00020814351
0.45,0.32,0,2,0,0,0,0,0,4.457524e-07
0.07,0.2,0,1,0,0,0,0,0,0.0006796609
0.03,0.05,0,3,1,0,0,0,0,0.00267273
0.55,0.14,0,2,1,0,0,0,0,2.1355063e-06
0.13,0.04,1,2,1,0,0,0,0,6.356091e-05
0.38,0.15,1,3,1,0,0,0,0,0.00057877676
0.18,0.08,0,2,1,0,0,0,0,9.899967e-06
0.21,0.06,0,2,1,0,0,0,0,4.1754197e-06
0.35,0.22,0,2,0,0,0,0,0,2.3199533e-07
0.17,0.02,1,2,1,0,0,0,0,8.468586e-05
0.39,0.12,0,4,0,0,0,0,0,9.4443345e-07
0.08,0.25,0,3,1,0,0,0,0,8.10139e-05
0.32,0.26,0,1,1,0,0,0,0,3.8863314e-07
0.39,0.11,0,3,1,0,0,0,0,1.5072611e-05
0.04,0.18,0,1,0,0,0,0,0,9.388573e-05
0.59,0.13,1,1,0,0,0,0,0,1.47213805e-05
0.39,0.06,1,4,1,0,0,0,0,8.599201e-06
0.4,0.14,0,2,0,0,0,0,0,1.5486578e-06
0.61,0.11,1,2,1,0,0,0,0,5.877453e-06
0.3,0.1,0,3,0,0,0,0,0,9.527034e-07
0.54,0.03,0,1,1,1,0,0,0,0.18037793
0.37,0.05,0,2,1,1,0,1,1,0.51296455
0.12,0.02,0,1,0,1,0,0,0,0.18955448
0.39,0.05,1,2,1,0,0,0,0,9.067685e-06
0.54,0.11,0,2,0,1,0,0,0,0.15030253
0.34,0.04,0,4,1,0,0,0,0,4.3401655e-05
0.05,0.16,0,2,0,0,1,1,1,0.8265402
0.04,0.01,0,3,0,0,0,0,1,0.8549744
0.57,0.02,0,1,0,0,0,0,0,2.5113475e-06
0.54,0.25,0,2,0,0,0,0,0,4.6064523e-07
0.53,0.01,1,0,1,1,0,0,1,0.9912655
0.09,0.09,1,2,1,0,0,0,0,3.7690934e-05
0.17,0.06,0,2,1,0,0,0,0,1.3432267e-05
0.34,0.2,0,1,1,0,0,0,0,1.2444982e-06
0.5,0.04,1,3,1,0,0,0,0,5.8533165e-06
0.32,0.2,0,2,1,0,0,0,0,3.1181426e-07
0.19,0.02,1,1,0,0,0,0,0,5.2470423e-05
0.49,0.11,0,1,0,1,0,0,1,0.69322115
0.39,0.01,0,2,1,0,0,0,0,3.185482e-05
0.53,0.22,0,2,1,0,0,0,0,8.463753e-06
0.21,0.01,0,2,0,1,0,0,1,0.9135115
0.25,0.02,0,1,0,0,0,0,0,1.0365132e-05
0.18,0.14,0,4,1,0,0,0,0,1.1996539e-06
0.34,0.17,0,1,0,0,0,0,0,4.1922096e-05
0.41,0.08,0,2,0,0,0,0,0,5.8370057e-07
0.36,0.01,0,3,0,0,0,0,0,0.0003048129
0.18,0.1,0,2,0,0,0,0,0,1.0135731e-05
0.1,0.11,0,0,1,1,0,0,0,0.008950377
0.06,0.02,0,4,1,0,0,0,0,0.00055607536
0.28,0.06,1,1,0,0,0,0,0,6.921048e-05
0.26,0.03,0,1,0,0,0,0,0,5.6827553e-06
0.33,0.05,0,0,1,0,0,0,0,0.00013633618
0.23,0.01,0,1,1,0,0,0,0,9.859685e-07
0.25,0.08,0,2,1,1,0,0,0,0.4845454
0.39,0.01,1,2,0,0,0,0,0,0.0002289378
0.37,0.14,0,5,1,0,0,0,0,7.685834e-06
0.39,0.2,1,1,0,0,0,0,0,0.00030165364
0.25,0.05,0,2,1,1,1,1,1,0.99977034
0.07,0.18,0,3,0,0,0,0,0,0.0023240347
0.24,0.08,1,3,0,0,0,0,0,0.0004182148
0.41,0.13,0,3,1,0,0,0,0,8.313454e-06
0.38,0.24,1,1,1,0,0,0,0,0.00022967943
0.26,0.17,0,2,1,0,0,0,0,9.468446e-06
0.22,0.2,0,2,1,0,0,0,0,1.2466554e-06
0.06,0.05,0,2,1,1,0,0,1,0.99978584
0.15,0.01,0,0,0,0,0,0,0,5.1397737e-06
0.56,0.16,0,5,1,0,0,0,0,2.7676768e-07
0.12,0.19,0,1,0,0,0,0,0,2.6323512e-06
0.22,0.13,1,2,0,0,0,0,0,3.7186726e-06
0.28,0.0,0,2,1,0,0,0,0,0.000619831
0.21,0.02,0,0,0,0,0,0,0,1.036706e-05
0.19,0.11,0,3,1,0,0,0,0,3.0349613e-06
0.31,0.2,1,0,0,0,0,0,0,1.780886e-05
0.32,0.29,0,7,0,1,0,0,0,0.29632327
0.47,0.43,0,4,1,0,0,0,0,6.8162944e-06
0.15,0.08,0,1,0,0,0,0,0,4.8423204e-05
0.31,0.14,1,4,0,0,0,0,0,2.9277373e-05
0.02,0.13,0,4,0,0,0,0,0,6.1002224e-06
0.39,0.12,0,1,1,0,0,0,0,4.3058008e-06
0.4,0.07,0,2,1,0,0,0,0,9.21352e-07
0.32,0.03,0,0,1,0,0,0,0,7.180447e-07
0.22,0.33,1,4,0,0,0,0,0,0.00029526182
0.27,0.18,0,1,0,0,0,0,0,0.00016050342
0.31,0.04,0,3,0,1,0,0,0,0.20944166
0.42,0.04,0,3,0,0,0,0,0,2.2009172e-06
0.37,0.07,0,2,0,1,0,1,1,0.78199905
0.46,0.02,0,1,1,0,0,0,0,5.005962e-06
0.34,0.01,0,0,0,1,0,0,1,0.96475804
0.17,0.18,0,2,0,0,0,0,0,7.4520976e-05
0.18,0.16,0,4,0,0,0,0,0,1.2858032e-05
0.28,0.01,0,2,0,0,0,0,0,0.0004416986
0.26,0.08,0,2,0,0,0,0,0,2.0643354e-06
0.39,0.12,0,3,1,0,0,0,0,1.151125e-05
0.32,0.22,1,6,1,0,0,0,0,6.973438e-05
0.05,0.08,0,2,1,0,0,0,0,5.866942e-06
0.44,0.01,1,2,1,1,0,0,1,0.98126733
0.31,0.07,0,2,0,0,0,0,0,1.6522692e-06
0.26,0.06,1,2,1,1,0,1,0,0.29177362
0.19,0.12,0,0,0,0,0,0,0,1.2657512e-06
0.04,0.09,1,1,0,0,0,0,0,0.00025087755
0.11,0.04,0,2,1,1,0,1,0,0.0973125
0.18,0.13,0,5,0,1,0,0,0,0.17505933
0.52,0.0,0,2,0,0,0,0,0,2.351596e-06
0.13,0.04,1,4,0,0,0,0,0,0.00027141793
0.3,0.01,0,2,0,0,0,0,0,0.00028545153
0.32,0.42,0,1,0,0,0,0,0,1.0451368e-05
0.17,0.5,0,3,1,0,0,0,0,1.0639567e-05
0.14,0.08,0,5,1,0,0,0,0,4.353119e-05
0.28,0.04,0,2,1,0,0,0,0,4.089969e-06
0.15,0.02,0,1,0,0,0,0,0,2.278754e-05
0.25,0.03,0,2,0,0,0,0,0,2.6456546e-06
0.24,0.1,0,2,1,1,0,0,0,0.30572358
0.32,0.09,0,3,1,1,0,0,0,0.07425249
0.21,0.33,0,4,0,0,0,0,0,1.4638293e-05
0.12,0.23,1,1,0,0,0,0,0,6.2616114e-06
0.31,0.17,0,4,0,0,0,0,0,8.822296e-05
0.28,0.21,0,0,1,0,0,0,0,9.88825e-08
0.36,0.33,0,2,1,0,0,0,0,2.7753256e-06
0.2,0.05,0,1,0,0,0,0,0,6.8519057e-06
0.4,0.13,0,2,0,0,0,0,0,6.9674775e-06
0.23,0.02,1,0,0,0,0,0,0,8.76361e-05
0.15,0.05,0,5,1,0,1,0,0,0.14294158
0.11,0.03,0,1,1,0,0,0,0,2.1538306e-05
0.12,0.03,1,1,1,0,0,0,0,1.996044e-05
0.18,0.01,0,1,0,0,0,0,0,0.00016017823
0.3,0.02,0,0,0,0,0,0,0,1.3570913e-05
0.1,0.06,0,3,1,0,0,0,0,4.4149892e-05
0.19,0.04,0,8,0,0,0,0,0,6.919075e-05
0.39,0.06,0,4,0,0,0,0,0,2.6263273e-05
0.12,0.31,0,3,1,0,0,0,0,6.207908e-05
0.14,0.45,0,2,0,0,0,0,0,0.0029979383
0.36,0.09,0,3,0,0,0,0,0,3.2902046e-06
0.14,0.03,1,1,1,0,0,0,0,3.0980456e-05
0.34,0.0,0,4,1,0,0,0,0,0.001996363
0.21,0.07,0,2,1,0,0,0,0,1.2952193e-05
0.12,0.11,0,1,0,0,0,0,0,1.2981152e-06
0.28,0.0,0,1,1,0,0,0,0,8.53242e-05
0.28,0.06,0,2,1,0,0,0,0,1.562701e-05
0.09,0.04,0,1,1,0,0,0,0,7.920214e-05
0.38,0.05,0,2,0,0,0,0,0,1.5414598e-06
0.35,0.02,0,2,1,0,0,0,0,5.188894e-05
0.1,0.05,0,4,1,0,0,0,0,0.00024647196
0.4,0.1,0,1,0,0,0,0,0,1.3290637e-06
0.21,0.22,0,2,0,0,0,0,0,4.5116204e-07
0.27,0.15,0,4,0,0,0,0,0,2.4854269e-06
0.32,0.04,0,2,0,0,1,0,0,0.00016622889
0.28,0.2,0,2,0,1,0,1,0,0.36634976
0.13,0.07,0,3,0,0,0,0,0,4.1134183e-05
0.1,0.05,0,0,1,0,0,0,0,9.346791e-06
0.2,0.16,1,1,0,0,0,0,0,8.600787e-05
0.2,0.07,0,2,0,0,0,0,0,3.897208e-05
0.13,0.02,0,2,0,0,0,0,0,0.00024932282
0.35,0.07,0,5,0,0,0,0,0,3.5145207e-05
0.46,0.08,0,2,1,0,0,0,0,1.0851924e-06
0.24,0.06,0,2,0,0,0,0,0,9.561509e-06
0.42,0.12,0,1,1,0,0,0,0,9.230749e-07
0.18,0.18,0,1,0,0,0,0,0,3.284178e-05
0.12,0.11,0,1,1,0,0,0,0,9.88062e-07
0.19,0.03,0,3,0,1,0,0,0,0.16620103
0.24,0.05,0,1,1,0,0,0,0,7.9347465e-06
0.38,0.26,0,2,0,0,0,0,0,2.2881696e-07
0.29,0.12,1,1,1,0,0,0,0,6.46896e-05
0.24,0.14,0,2,0,0,0,0,0,1.6782421e-06
0.04,0.26,0,1,0,0,0,0,0,0.00010210026
0.76,0.01,0,5,0,0,0,0,0,0.00057458377
0.11,0.04,0,1,0,0,0,0,0,2.4968684e-05
0.55,0.09,0,1,0,0,0,0,0,1.3360061e-06
0.3,0.44,0,1,1,0,0,0,0,5.6393005e-06
0.06,0.1,0,0,1,0,0,0,0,0.00045942434
0.48,0.02,0,1,0,0,0,0,0,2.7833285e-05
0.14,0.13,0,4,0,0,0,0,0,7.071659e-06
0.41,0.03,0,6,1,0,0,0,0,5.8028054e-06
0.58,0.07,0,5,1,0,0,0,0,1.8493844e-05
0.61,0.03,0,0,0,0,0,0,0,6.488791e-06
0.3,0.0,0,2,0,0,1,0,1,0.9775239
0.56,0.12,1,2,0,0,0,0,0,9.078544e-06
0.53,0.06,0,2,0,1,0,0,0,0.27149868
0.29,0.07,0,2,1,0,0,0,0,1.0564025e-06
0.36,0.1,0,4,0,0,0,0,0,2.798747e-06
0.2,0.1,0,4,0,0,0,0,0,6.063826e-06
0.07,0.16,0,2,1,0,0,0,0,0.00015449002
0.37,0.02,0,0,0,1,0,0,1,0.5187954
0.14,0.1,1,2,1,0,0,0,0,2.4583412e-06
0.27,0.16,0,1,1,0,0,0,0,1.2405756e-05
0.38,0.12,0,4,0,0,0,0,0,1.1364217e-06
0.33,0.0,0,1,1,0,0,0,0,0.00027148626
0.06,0.11,0,0,0,0,0,0,0,0.00044046895
0.22,0.25,1,3,1,0,0,0,0,0.0002075385
0.08,0.08,0,2,1,0,0,0,0,5.6568773e-05
0.47,0.12,0,2,1,0,0,0,0,4.6390146e-06
0.04,0.02,0,1,0,1,1,1,1,0.9998381
0.31,0.01,0,3,1,0,0,0,0,0.00018765601
0.48,0.05,0,3,1,0,0,0,0,8.56944e-05
0.22,0.09,1,2,1,0,0,0,0,3.7994118e-06
0.16,0.02,0,4,0,0,0,0,0,3.804088e-05
0.55,0.02,0,2,0,0,0,0,0,1.4633214e-07
0.07,0.06,0,1,0,0,0,0,0,0.00051231164
0.17,0.0,0,0,0,0,0,0,0,2.3143323e-06
0.05,0.12,0,2,1,0,0,0,0,2.855223e-05
0.33,0.11,1,4,0,0,0,0,0,1.7257787e-05
0.08,0.09,0,1,1,0,0,0,0,0.0003296847
0.44,0.06,0,1,0,0,0,0,0,5.5202127e-05
0.19,0.03,1,1,0,0,0,0,0,4.1448762e-05
0.19,0.24,0,2,1,0,0,0,0,4.8813754e-06
0.3,0.45,0,0,1,1,0,0,0,0.037698533
0.27,0.07,0,3,0,0,0,0,0,7.397094e-06
0.34,0.01,0,0,0,0,0,0,0,6.222868e-05
0.27,0.13,0,2,0,0,0,0,0,2.741098e-05
0.15,0.05,0,2,0,0,0,0,0,6.027129e-06
0.36,0.28,0,2,1,0,0,0,0,3.5680912e-07
0.34,0.06,0,1,0,0,0,0,0,7.660617e-06
0.13,0.11,1,0,1,1,0,0,0,0.0241041
0.09,0.14,1,2,1,0,0,0,0,0.0004990917
0.44,0.11,0,4,1,0,0,0,0,7.0367116e-07
0.37,0.05,0,0,0,1,0,0,0,0.39614847
0.54,0.14,0,2,0,0,0,0,0,2.3482748e-06
0.47,0.01,0,1,1,0,0,0,0,1.10958645e-05
0.14,0.07,0,3,0,0,0,0,0,5.1599978e-05
0.35,0.14,0,1,1,0,0,0,0,3.2269884e-06
0.36,0.22,0,4,1,0,0,0,0,9.267177e-07
0.23,0.02,0,3,0,0,0,0,0,5.5048176e-06
0.35,0.17,1,0,1,0,0,0,0,0.00059789215
0.28,0.15,0,4,0,1,0,1,0,0.022338664
0.3,0.03,0,1,1,0,0,0,0,9.705326e-07
0.34,0.01,0,0,1,0,0,0,0,5.952677e-05
0.4,0.15,1,1,1,0,0,0,0,0.00032053684
0.33,0.1,1,2,1,0,0,0,0,5.545388e-07
0.11,0.05,0,6,1,0,1,0,1,0.96991426
0.09,0.04,0,1,1,0,0,0,0,7.920214e-05
0.07,0.03,0,2,1,0,1,0,1,0.9717183
0.11,0.27,0,4,1,0,0,0,0,6.9687376e-05
0.06,0.11,0,2,1,0,0,0,0,3.176866e-05
0.19,0.08,0,3,0,0,0,0,0,3.877945e-06
0.28,0.01,0,3,0,0,0,0,0,0.0012251111
0.36,0.18,0,1,1,1,0,0,1,0.94268435
0.17,0.21,1,1,1,1,0,1,1,0.9934477
0.5,0.03,0,3,1,0,0,0,0,1.0134987e-05
0.4,0.12,0,1,0,0,0,0,0,1.8007038e-06
0.24,0.01,0,2,0,0,0,0,0,7.85079e-06
0.22,0.02,0,1,0,0,0,0,0,9.7601105e-06
0.04,0.03,0,2,0,0,0,0,0,2.6252406e-05
0.37,0.09,0,1,1,0,0,0,0,4.131098e-06
0.26,0.02,1,6,1,0,0,0,0,1.7602039e-06
0.24,0.19,0,4,1,0,0,0,0,5.618252e-07
0.37,0.24,1,3,1,0,0,0,0,0.00077319186
0.16,0.01,0,1,0,0,0,0,0,5.3213284e-05
0.3,0.2,0,1,1,0,0,0,0,1.5403591e-06
0.13,0.2,0,1,0,0,0,0,0,1.7743034e-05
0.34,0.02,0,1,0,0,0,0,0,9.766948e-05
0.26,0.03,0,3,0,0,0,0,0,1.2398164e-05
0.15,0.1,0,0,1,0,0,0,0,1.0024873e-05
0.4,0.16,0,0,0,0,0,0,0,2.1089421e-05
0.24,0.25,0,1,1,0,0,0,0,5.3449895e-07
0.19,0.15,1,0,0,0,0,0,0,2.4629951e-05
0.42,0.29,0,2,1,0,0,0,0,8.309919e-06
0.25,0.01,1,2,1,0,0,0,0,1.9620298e-05
0.47,0.14,1,1,0,1,1,1,1,0.99936825
0.55,0.03,0,0,1,0,0,0,0,7.155953e-07
0.16,0.04,1,1,0,0,0,0,0,3.138515e-06
0.47,0.08,0,1,0,0,0,0,0,1.84153e-05
0.26,0.18,0,2,0,0,0,0,0,5.464318e-05
0.14,0.18,0,0,1,1,0,0,0,0.00086632103
0.25,0.23,0,2,1,0,0,0,0,5.8197534e-06
0.26,0.11,0,3,1,0,0,0,0,1.11218205e-05
0.49,0.03,0,4,0,0,0,0,0,6.0245246e-05
0.21,0.18,1,2,0,0,0,0,0,0.00031724342
0.2,0.37,0,2,0,0,0,0,0,8.994615e-06
0.15,0.0,0,2,1,0,0,0,0,1.3007266e-05
0.55,0.06,1,3,0,0,0,0,0,4.916133e-06
0.04,0.01,1,0,1,0,0,0,1,0.98929834
0.03,0.05,0,1,0,0,0,0,0,0.00019429151
0.21,0.08,0,1,1,0,0,0,0,2.9008258e-06
0.28,0.25,0,0,0,0,0,0,0,1.0433655e-06
0.49,0.19,0,4,1,0,0,0,0,3.5003563e-07
0.31,0.29,0,1,1,0,0,0,0,5.6448644e-06
0.03,0.1,0,4,0,0,0,0,0,2.5661828e-05
0.24,0.02,1,0,0,0,0,0,0,4.3540116e-05
0.37,0.06,0,1,1,0,0,0,0,3.3178603e-06
0.11,0.16,1,1,0,0,0,0,0,2.9105358e-06
0.44,0.06,0,2,0,0,0,0,0,2.3192122e-05
0.33,0.15,0,2,0,0,0,0,0,7.773575e-07
0.14,0.08,0,1,1,0,0,0,0,2.2418584e-05
0.27,0.01,0,0,0,0,0,0,0,3.8300634e-05
0.14,0.16,1,0,0,0,0,0,0,5.5073315e-07
0.53,0.05,0,0,0,0,0,0,0,2.1873535e-05
0.42,0.21,0,2,0,0,1,0,0,0.00047009048
0.2,0.35,0,3,1,0,0,0,0,1.03509965e-05
0.49,0.09,0,3,0,0,1,0,0,0.0014111014
0.61,0.05,0,5,0,0,0,0,0,4.76631e-05
0.11,0.03,0,2,0,0,0,0,0,1.7962547e-06
0.16,0.09,1,3,0,0,0,0,0,3.6114593e-06
0.63,0.02,0,1,1,0,0,0,0,3.810536e-05
0.16,0.17,1,2,0,0,0,0,0,8.804886e-06
0.09,0.02,0,2,0,0,0,0,0,6.250327e-05
0.3,0.46,0,3,1,0,0,0,0,0.0003140485
0.32,0.03,0,0,1,0,0,0,0,7.180447e-07
0.11,0.12,0,1,1,0,0,0,0,8.478116e-06
0.29,0.21,1,4,0,0,0,0,0,0.0006024173
0.11,0.04,0,1,1,0,0,0,0,2.0678763e-05
0.46,0.31,1,3,1,0,0,0,0,6.755925e-05
0.34,0.0,0,2,0,0,0,0,0,0.00020474748
0.74,0.22,0,0,1,0,0,0,0,1.0752475e-05
0.09,0.21,0,1,1,0,0,0,0,6.479422e-06
0.47,0.07,0,0,0,0,1,0,0,0.0018033785
0.18,0.0,0,2,1,0,0,0,0,3.953353e-05
0.33,0.19,0,3,0,0,0,0,0,1.2818653e-06
0.58,0.14,0,2,1,1,0,0,1,0.8644973
0.05,0.08,0,3,0,0,0,0,0,6.3743435e-05
0.19,0.17,0,1,1,0,0,0,0,5.224887e-06
0.19,0.04,1,2,0,0,0,0,0,3.5048546e-05
0.17,0.23,0,1,1,0,0,0,0,3.3092438e-05
0.08,0.12,0,2,0,0,0,0,0,0.0005641962
0.38,0.05,1,0,0,0,0,0,0,0.00035402182
0.22,0.08,0,0,0,0,0,0,0,6.9030507e-06
0.19,0.17,0,2,1,0,0,0,0,2.4587544e-05
0.36,0.01,0,3,0,0,0,0,0,0.0003048129
0.6,0.06,0,1,0,0,0,0,0,1.7219745e-05
0.17,0.1,0,2,1,0,0,0,0,2.5031602e-05
0.12,0.09,1,4,0,0,0,0,0,9.375904e-06
0.11,0.1,0,0,1,0,0,0,0,2.2158936e-06
0.19,0.07,0,1,1,0,0,0,0,4.589597e-06
0.26,0.4,0,2,0,0,0,0,0,3.7400056e-05
0.2,0.16,0,4,0,0,0,0,0,3.7156293e-05
0.18,0.1,0,3,0,0,0,0,0,1.4102333e-06
0.15,0.01,0,2,0,0,0,0,0,4.880791e-05
0.55,0.0,0,2,1,0,0,0,0,8.488123e-06
0.23,0.09,0,2,0,0,0,0,0,1.2854292e-05
0.34,0.13,1,1,0,0,0,0,0,6.111302e-05
0.52,0.0,1,1,0,0,0,0,0,0.0019429178
0.29,0.09,1,0,0,0,0,0,0,7.348433e-05
0.37,0.09,0,4,1,0,0,0,0,6.061548e-06
0.35,0.01,0,1,0,0,0,0,0,6.2098974e-05
0.29,0.1,0,4,0,0,0,0,0,8.1245634e-07
0.5,0.12,0,2,0,0,0,0,0,1.0136157e-06
0.18,0.02,0,1,1,0,0,0,0,3.8576767e-05
0.63,0.09,0,4,1,0,0,0,0,6.3154505e-07
0.36,0.13,1,3,1,0,0,0,0,2.664212e-05
0.14,0.05,0,1,1,0,0,0,0,1.8822571e-05
0.48,0.22,0,0,1,0,0,0,0,7.32415e-07
0.11,0.16,0,3,1,0,0,0,0,2.3119874e-06
0.13,0.04,0,1,1,0,0,0,0,0.00014390348
0.31,0.06,0,1,0,0,0,0,0,4.062826e-06
0.55,0.43,0,1,1,0,0,0,0,3.5310143e-07
0.16,0.18,0,1,0,0,0,0,0,9.4061115e-06
0.28,0.05,1,2,0,0,0,0,0,8.848533e-05
0.47,0.19,0,3,1,0,0,0,0,2.1184504e-05
0.18,0.03,0,3,0,0,0,0,0,2.5115964e-06
0.11,0.04,0,1,0,0,0,0,0,2.4968684e-05
0.32,0.06,0,0,1,0,0,0,0,2.875807e-06
0.11,0.0,0,2,0,0,0,0,0,7.3640126e-06
0.35,0.01,0,3,1,1,0,0,1,0.97593486
0.21,0.02,1,4,1,0,0,0,0,9.324231e-06
0.4,0.28,0,1,1,0,0,0,0,3.8592216e-06
0.21,0.12,0,1,0,0,0,0,0,7.1928707e-06
0.14,0.04,0,2,0,0,0,0,0,2.5683705e-06
0.13,0.04,1,1,0,0,0,0,0,5.7254383e-05
0.26,0.25,0,1,0,0,0,0,0,8.149207e-06
0.23,0.04,0,2,1,0,0,0,0,1.8624995e-06
0.07,0.05,0,2,1,1,0,1,1,0.99981886
0.63,0.02,0,2,1,0,1,0,0,0.005557433
0.4,0.04,0,4,1,0,0,0,0,9.950996e-06
0.11,0.13,0,1,0,0,0,0,0,9.810044e-06
0.22,0.27,0,1,1,0,0,0,0,2.1396865e-07
0.5,0.08,0,2,1,0,0,0,0,4.4972427e-07
0.51,0.02,0,2,1,0,0,0,0,7.0242675e-07
0.41,0.02,0,1,0,0,0,0,0,2.2551696e-06
0.32,0.03,0,4,0,0,0,0,0,1.8226267e-06
0.32,0.04,0,3,0,0,0,0,0,4.7067948e-07
0.15,0.09,0,0,1,0,0,0,0,1.3517568e-05
0.01,0.28,0,1,0,0,0,0,0,2.8915658e-05
0.2,0.23,0,2,0,0,0,0,0,1.4248794e-05
0.1,0.02,0,2,1,0,0,0,0,2.338987e-05
0.34,0.06,0,1,0,0,0,0,0,7.660617e-06
0.08,0.06,1,0,1,0,1,1,1,0.96132946
0.36,0.07,0,3,1,0,0,0,0,1.8672552e-05
0.12,0.05,1,1,0,0,0,0,0,4.2985343e-06
0.27,0.15,1,1,0,0,0,0,0,0.00021462173
0.06,0.04,0,1,1,0,0,0,0,0.0011010483
0.61,0.07,1,3,1,0,0,0,0,1.343073e-05
0.73,0.11,0,1,0,0,0,0,0,6.8403365e-06
0.19,0.18,0,3,1,0,0,0,0,1.3457218e-05
0.22,0.13,0,1,0,1,0,0,0,0.2618283
0.3,0.2,0,3,0,0,0,0,0,6.3689026e-06
0.11,0.12,0,4,1,0,0,0,0,2.1778185e-06
0.19,0.16,0,1,0,0,0,0,0,1.9032477e-05
0.59,0.03,0,2,1,0,0,0,0,2.9567589e-06
0.4,0.1,0,4,1,0,0,0,0,1.1936032e-06
0.18,0.04,0,0,1,0,0,0,0,5.9834497e-07
0.23,0.23,0,3,0,0,0,0,0,9.5561845e-06
0.11,0.07,0,1,0,0,0,0,0,4.1617086e-06
0.12,0.16,0,2,0,0,0,0,0,2.3023917e-06
0.26,0.11,0,1,0,1,0,1,0,0.06872448
0.42,0.22,0,1,0,0,0,0,0,2.1733225e-05
0.41,0.16,0,5,0,0,0,0,0,1.095914e-06
0.5,0.07,0,2,0,0,0,0,0,4.3786945e-06
0.08,0.05,0,3,1,0,0,0,0,0.0005132295
0.08,0.23,0,4,1,0,0,0,0,0.0014050932
0.24,0.01,0,4,0,0,0,0,0,1.2588324e-05
0.11,0.09,0,1,0,0,1,0,0,0.022848932
0.09,0.03,0,4,1,0,1,1,1,0.9718401
0.31,0.06,0,1,0,0,0,0,0,4.062826e-06
0.48,0.03,0,1,1,1,0,0,0,0.14018938
0.25,0.04,0,1,1,0,0,0,0,3.7076456e-06
0.5,0.16,0,4,1,0,0,0,0,3.2140804e-08
0.4,0.25,0,2,0,0,0,0,0,4.0028376e-06
0.38,0.23,0,0,1,1,0,0,1,0.6233012
0.16,0.29,0,3,1,0,0,0,0,0.00025329014
0.48,0.05,0,4,0,0,0,0,0,0.00012880025
0.25,0.02,1,4,0,0,0,0,0,0.0006225618
0.1,0.01,0,2,0,0,0,0,0,2.9737275e-05
0.29,0.06,0,1,0,0,0,0,0,9.316118e-07
0.48,0.07,0,1,0,0,0,0,0,9.866445e-05
0.54,0.06,1,2,1,0,0,0,0,4.000216e-06
0.52,0.36,1,2,0,0,0,0,0,3.83031e-06
0.31,0.12,0,2,1,0,0,0,0,6.3389984e-06
0.46,0.16,0,1,0,0,0,0,0,4.9428534e-05
0.35,0.1,1,3,1,0,0,0,0,2.8017836e-05
0.24,0.03,0,3,0,0,0,0,0,1.44008e-05
0.19,0.05,0,0,0,0,0,0,0,1.2607131e-06
0.14,0.05,0,4,1,0,0,0,0,6.1171035e-05
0.44,0.15,0,0,0,1,0,1,0,0.2071699
0.33,0.01,0,2,1,0,0,0,0,0.00019584455
0.34,0.04,0,4,1,0,0,0,0,4.3401655e-05
0.17,0.04,0,2,1,0,0,0,0,7.430175e-06
0.17,0.32,0,3,1,0,0,0,0,1.9320867e-06
0.42,0.03,0,2,0,0,1,0,0,0.00011964512
0.6,0.09,0,1,0,0,0,0,0,9.385162e-06
0.5,0.02,0,5,1,0,0,0,0,1.4083503e-06
0.35,0.03,0,1,0,0,0,0,0,3.8750172e-06
0.55,0.06,1,5,0,0,0,0,0,4.4025193e-05
0.53,0.14,0,2,1,0,0,0,0,2.1940496e-06
0.36,0.28,0,3,1,0,0,0,0,6.307427e-07
0.44,0.17,1,4,0,0,0,0,0,0.000106785075
0.55,0.21,0,1,1,1,0,0,0,0.070475616
0.29,0.07,0,4,0,0,0,0,0,3.7086925e-06
0.35,0.07,1,3,0,0,0,0,0,1.1476327e-05
0.08,0.06,0,2,1,1,0,0,1,0.999496
0.16,0.07,0,1,1,0,0,0,0,5.5044584e-05
0.31,0.04,0,1,0,0,0,0,0,2.1573803e-06
0.23,0.04,0,1,1,1,0,1,0,0.050110854
0.3,0.39,0,2,1,0,0,0,0,1.3121075e-05
0.3,0.02,1,0,0,0,0,0,0,9.806873e-06
0.27,0.0,0,0,0,0,1,0,1,0.58817273
0.03,0.01,0,0,0,0,0,0,0,0.18058309
0.24,0.0,0,1,1,0,0,0,0,5.4925873e-05
0.32,0.11,0,1,1,0,0,0,0,3.3375701e-07
0.3,0.0,0,0,1,0,0,0,0,0.00011440633
0.37,0.1,0,4,0,0,0,0,0,2.798747e-06
0.28,0.17,0,4,1,0,0,0,0,0.00013874352
0.04,0.19,0,0,1,0,1,0,0,0.021469625
0.04,0.13,1,1,1,0,0,0,0,0.001768292
0.6,0.04,0,2,0,0,0,0,0,3.8882104e-06
0.14,0.07,0,6,0,0,0,0,0,0.0011143421
0.22,0.15,0,2,1,0,0,0,0,1.6686715e-06
0.15,0.05,0,2,0,0,0,0,0,6.027129e-06
0.39,0.02,0,1,0,0,0,0,0,4.066087e-05
0.57,0.18,0,4,1,0,0,0,0,8.3944336e-08
0.47,0.22,0,4,0,0,0,0,0,2.77844e-06
0.28,0.14,0,2,0,0,0,0,0,7.3810484e-06
0.38,0.07,1,2,0,0,0,0,0,1.2017554e-05
0.54,0.24,0,0,1,0,0,0,0,9.006291e-08
0.34,0.03,0,2,0,0,0,0,0,1.4308914e-06
0.48,0.09,0,1,1,0,0,0,0,2.6082046e-06
0.07,0.39,0,3,1,1,0,1,1,0.90169823
0.34,0.15,0,4,0,0,0,0,0,6.190287e-07
0.18,0.07,0,3,1,0,0,0,0,1.5201271e-06
0.18,0.05,0,2,1,0,0,0,0,9.61335e-06
0.35,0.12,0,3,1,0,0,0,0,7.2350435e-06
0.45,0.26,1,4,1,0,0,0,0,1.8155148e-05
0.19,0.06,0,1,0,0,0,0,0,1.6838163e-06
0.18,0.05,0,3,0,0,0,0,0,3.481743e-06
0.34,0.01,0,2,0,0,0,0,0,9.7598626e-05
0.12,0.07,0,0,0,0,0,0,0,1.7906908e-06
0.27,0.03,0,4,0,0,0,0,0,2.3982511e-05
0.27,0.03,0,3,1,0,0,0,0,3.3623266e-05
0.11,0.16,0,4,1,0,0,0,0,9.501474e-07
0.23,0.04,0,4,1,0,0,0,0,2.6173562e-05
0.19,0.0,0,0,1,0,1,1,0,0.010039005
0.23,0.26,0,1,0,0,1,0,0,0.00059584616
0.09,0.13,0,1,0,0,0,0,0,0.00020514672
0.4,0.42,0,1,0,0,0,0,0,3.281564e-05
0.24,0.09,0,2,0,0,1,0,0,0.0011182128
0.12,0.01,0,1,1,0,0,0,0,1.9400339e-05
0.54,0.2,0,2,0,1,0,0,0,0.22353722
0.4,0.09,0,1,1,0,0,0,0,8.4011754e-07
0.16,0.1,0,2,1,0,1,0,0,0.12859873
0.28,0.02,0,2,1,0,0,0,0,0.00037479523
0.24,0.03,1,2,1,0,0,0,0,0.00015195447
0.15,0.03,0,3,1,0,0,0,0,2.0767557e-05
0.23,0.16,0,3,0,0,0,0,0,1.1181908e-05
0.64,0.13,0,0,1,0,0,0,0,8.234996e-06
0.1,0.15,0,2,0,0,0,0,0,2.145131e-05
0.31,0.09,0,0,1,0,0,0,0,0.00012390334
0.14,0.03,0,1,0,0,0,0,0,9.803338e-06
0.45,0.08,0,3,1,0,0,0,0,1.6226636e-06
0.24,0.02,1,1,0,0,0,0,0,0.00020419029
0.38,0.07,0,4,0,0,1,0,0,0.0038181015
0.44,0.15,0,2,1,0,0,0,0,1.631393e-06
0.08,0.03,1,0,0,0,0,0,0,0.00034260965
0.46,0.19,1,4,1,0,0,0,0,2.1088013e-05
0.57,0.14,0,1,1,0,0,0,0,8.5754476e-07
0.14,0.05,1,1,1,0,0,0,0,1.7297727e-05
0.23,0.08,0,3,1,0,0,0,0,3.670095e-05
0.59,0.02,0,2,1,0,0,0,0,5.8921064e-06
0.39,0.03,0,3,1,0,0,0,0,2.2069487e-05
0.43,0.29,0,3,0,0,0,0,0,7.682632e-06
0.29,0.17,0,1,1,0,0,0,0,4.196609e-05
0.34,0.16,0,3,1,0,0,0,0,7.955424e-06
0.18,0.11,0,2,0,0,0,0,0,5.274038e-06
0.05,0.03,0,3,0,1,0,1,1,0.9994122
0.07,0.03,0,7,1,0,0,0,0,0.0069550327
0.18,0.1,0,1,0,1,0,0,0,0.36664233
0.34,0.0,0,1,1,0,0,0,0,0.00011535555
0.07,0.08,0,0,0,0,0,0,0,9.077106e-05
0.17,0.18,0,2,0,0,0,0,0,7.4520976e-05
0.41,0.05,1,4,0,1,0,1,1,0.85190326
0.39,0.22,0,2,0,1,0,1,0,0.13254125
0.16,0.02,1,1,1,0,0,0,0,2.149708e-05
0.26,0.06,0,2,0,0,0,0,0,5.4398497e-06
0.5,0.02,0,2,0,0,0,0,0,4.7600568e-07
0.12,0.05,0,4,0,0,0,0,0,0.00035322603
0.51,0.34,0,3,0,0,0,0,0,1.789194e-07
0.17,0.07,0,2,1,0,0,0,0,4.9996994e-05
0.12,0.51,0,0,1,0,0,0,0,2.0869945e-06
0.55,0.04,0,3,0,1,0,0,0,0.027493458
0.39,0.28,0,0,1,0,0,0,0,6.3906015e-07
0.37,0.02,0,4,1,0,0,0,0,0.00027505454
0.05,0.08,0,1,1,0,0,0,0,1.0670528e-05
0.21,0.19,0,5,1,0,0,0,0,6.3226794e-06
0.36,0.06,0,4,1,0,0,0,0,3.876551e-05
0.22,0.2,0,1,1,0,0,0,0,2.6295558e-07
0.16,0.26,0,1,1,0,0,0,0,5.5737396e-06
0.24,0.12,0,3,0,0,0,0,0,3.4891589e-06
0.37,0.01,0,0,1,1,0,1,1,0.9332994
0.39,0.17,0,6,0,0,0,0,0,0.00017940442
0.06,0.02,0,0,1,0,0,0,0,0.0004949716
0.27,0.07,0,3,0,0,0,0,0,7.397094e-06
0.38,0.08,1,1,0,0,0,0,0,0.0010388097
0.34,0.04,0,1,0,0,0,0,0,6.5126465e-06
0.68,0.3,1,4,0,0,0,0,0,8.274889e-05
0.43,0.02,0,1,0,0,0,0,0,1.2688966e-05
0.53,0.0,0,1,0,0,0,0,0,7.039282e-05
0.53,0.08,1,1,0,1,0,1,0,0.009374422
0.31,0.26,0,2,0,0,0,0,0,5.3538815e-07
0.21,0.14,0,2,0,0,0,0,0,3.7218801e-06
0.37,0.03,0,0,1,0,0,0,0,1.8784846e-06
0.14,0.18,0,1,1,1,1,1,1,0.99071664
0.4,0.09,0,3,0,0,0,0,0,9.1336017e-07
0.37,0.0,0,3,1,0,1,0,1,0.9562288
0.07,0.19,0,7,0,0,0,0,0,0.0073618735
0.35,0.16,0,1,0,0,1,0,0,0.008154278
0.23,0.16,0,1,0,0,0,0,0,1.1468657e-05
0.24,0.19,0,2,1,0,0,0,0,1.495822e-06
0.35,0.52,0,1,0,0,0,0,0,0.000114532624
0.13,0.1,0,1,1,0,0,0,0,1.0313888e-05
0.3,0.02,0,3,0,0,0,0,0,6.687513e-05
0.13,0.07,1,1,0,0,0,0,0,2.0170297e-05
0.4,0.07,0,1,0,0,0,0,0,1.0341132e-06
0.02,0.02,0,3,1,1,0,1,1,0.9985954
0.09,0.14,0,3,0,0,1,0,0,0.42326176
0.22,0.02,0,2,1,0,0,0,0,1.1713148e-05
0.15,0.0,0,5,1,0,0,0,0,4.948717e-06
0.5,0.08,0,1,1,0,0,0,0,3.1657603e-07
0.4,0.02,0,1,1,0,0,0,0,2.8306333e-06
0.43,0.04,0,0,0,0,0,0,0,1.9731701e-06
0.11,0.01,0,2,0,0,0,0,0,2.0279116e-05
0.2,0.01,0,1,1,0,0,0,0,2.0777183e-05
0.19,0.06,0,0,1,0,0,0,0,4.796759e-07
0.14,0.17,0,1,0,0,0,0,0,2.21994e-06
0.16,0.06,0,1,0,0,0,0,0,7.699016e-06
0.22,0.18,0,3,1,0,0,0,0,1.699482e-05
0.21,0.08,0,2,1,0,0,0,0,5.8970195e-06
0.07,0.01,0,4,0,1,0,1,1,0.9990324
0.28,0.38,0,3,1,1,0,0,1,0.62252176
0.58,0.22,0,2,0,0,0,0,0,2.0694544e-05
0.42,0.01,0,3,0,0,0,0,0,0.00023093766
0.52,0.0,0,2,0,0,0,0,0,2.351596e-06
0.62,0.02,0,1,0,1,0,1,1,0.873682
0.13,0.01,0,2,0,0,0,0,0,0.00035579255
0.26,0.19,0,1,1,0,0,0,0,7.1070804e-07
0.38,0.41,0,4,0,0,0,0,0,9.22603e-06
0.4,0.2,0,1,0,1,0,0,1,0.7450805
0.36,0.07,1,2,0,0,0,0,0,3.3996115e-05
0.37,0.24,1,1,1,0,0,0,0,0.00019694451
0.08,0.22,0,1,0,0,0,0,0,0.00014970245
0.14,0.17,0,1,1,0,0,0,0,4.1940345e-07
0.2,0.01,0,2,1,0,0,0,0,4.2890104e-05
0.39,0.19,0,2,1,0,0,0,0,2.516461e-06
0.14,0.07,0,2,1,0,0,0,0,2.827614e-05
0.11,0.33,0,3,0,0,0,0,0,0.00017098949
0.13,0.33,0,0,1,0,0,0,0,3.6596273e-07
0.15,0.06,0,5,1,0,0,0,0,3.552951e-05
0.21,0.04,0,1,0,0,0,0,0,8.2412834e-07
0.23,0.16,0,2,1,1,0,0,1,0.7135724
0.39,0.0,0,0,0,0,0,0,0,5.6197983e-05
0.04,0.02,0,2,0,1,1,1,1,0.99995315
0.2,0.05,0,0,1,1,0,0,0,0.22882983
0.11,0.09,0,3,1,0,0,0,0,3.134459e-06
0.18,0.22,0,4,1,0,0,0,0,2.6231467e-06
0.45,0.07,0,1,1,0,0,0,0,1.38830255e-05
0.16,0.02,0,2,0,0,0,0,0,3.223642e-05
0.65,0.07,0,3,1,0,0,0,0,1.0253163e-05
0.3,0.05,0,2,1,0,0,0,0,6.830486e-07
0.39,0.02,0,3,1,0,0,0,0,0.00022651989
0.1,0.07,0,3,1,1,0,0,1,0.65593785
0.58,0.06,0,5,0,0,0,0,0,4.1357558e-05
0.58,0.16,0,1,1,0,0,0,0,1.0096264e-06
0.24,0.13,0,4,1,0,0,0,0,2.4862732e-06
0.12,0.06,0,3,1,0,1,0,0,0.018595438
0.54,0.05,0,3,1,0,0,0,0,0.00039371802
0.16,0.01,0,3,1,0,0,0,0,3.4640994e-05
0.32,0.25,0,2,0,0,0,0,0,4.000236e-07
0.19,0.03,0,1,1,0,0,0,0,1.7822659e-06
0.23,0.06,1,3,0,0,0,0,0,0.00013632851
0.33,0.02,1,3,0,0,0,0,0,4.577137e-05
0.21,0.05,0,4,1,0,0,0,0,2.7965596e-05
0.17,0.11,0,2,1,1,0,0,1,0.523932
0.17,0.33,0,2,1,0,0,0,0,1.0809959e-05
0.28,0.28,0,1,1,0,0,0,0,1.9332479e-06
0.15,0.05,0,2,1,1,0,1,1,0.6557871
0.3,0.18,1,4,0,0,0,0,0,0.00021564016
0.09,0.05,0,4,1,0,0,0,0,9.1131245e-05
0.08,0.06,1,0,0,0,0,0,0,0.0003278505
0.42,0.31,0,3,0,0,0,0,0,2.4686594e-06
0.32,0.09,0,2,0,0,0,0,0,2.411215e-07
0.57,0.02,0,2,1,0,0,0,0,4.5140308e-07
0.09,0.38,0,0,0,0,1,1,0,0.092609555
0.22,0.27,0,2,0,0,0,0,0,2.842813e-07
0.37,0.04,0,2,1,0,0,0,0,5.65019e-07
0.3,0.12,0,2,0,0,0,0,0,7.1066993e-06
0.51,0.1,0,4,0,1,0,0,0,0.005738822
0.18,0.26,0,2,1,1,0,0,0,0.16692294
0.43,0.32,0,3,1,0,0,0,0,1.0761645e-05
0.2,0.18,0,1,1,0,0,0,0,1.4827645e-05
0.16,0.16,0,1,1,0,0,0,0,4.2406145e-06
0.23,0.23,0,1,1,0,0,0,0,2.3808798e-06
0.05,0.24,0,4,0,0,0,0,0,0.0011475863
0.2,0.11,0,1,1,0,0,0,0,4.193637e-06
0.44,0.12,0,1,0,0,0,0,0,2.7605854e-06
0.26,0.01,0,1,1,0,0,0,0,7.3892047e-06
0.25,0.04,1,1,0,0,0,0,0,0.00032528414
0.42,0.01,1,1,0,0,0,0,0,0.00016120404
0.17,0.19,0,1,1,1,0,0,0,0.14776109
0.27,0.05,0,2,0,1,0,0,0,0.26405677
0.1,0.4,0,1,0,0,0,0,0,4.0232764e-05
0.07,0.35,0,2,1,0,0,0,0,0.0021720014
0.21,0.31,1,4,1,1,0,0,1,0.9643106
0.58,0.22,0,2,0,0,0,0,0,2.0694544e-05
0.33,0.08,0,2,1,0,0,0,0,7.5113275e-07
0.15,0.09,0,1,0,0,0,0,0,5.1395436e-05
0.37,0.26,0,2,0,0,0,0,0,2.3318313e-07
0.46,0.08,0,2,1,0,0,0,0,1.0851924e-06
0.41,0.0,0,1,1,0,0,0,0,1.5755342e-05
0.19,0.01,0,1,1,0,0,0,0,9.238242e-06
0.45,0.21,0,2,1,0,0,0,0,5.1988222e-06
0.2,0.37,0,4,1,0,0,0,0,1.618999e-05
0.38,0.2,0,1,0,0,0,0,0,1.0546748e-05
0.23,0.04,0,1,1,0,0,0,0,1.6923099e-06
0.15,0.2,0,7,1,0,0,0,0,0.00018433706
0.19,0.02,0,4,0,0,0,0,0,0.0001607212
0.16,0.08,0,2,1,0,0,0,0,4.653418e-05
0.21,0.02,0,1,1,0,0,0,0,1.297806e-05
0.29,0.16,0,0,1,0,0,0,0,9.331409e-06
0.72,0.09,0,3,1,0,0,0,0,4.2725087e-06
0.64,0.03,1,0,1,0,0,0,0,8.606626e-06
0.36,0.07,1,1,1,0,0,0,0,0.00011841454
0.44,0.01,0,1,1,0,0,0,0,6.433188e-06
0.11,0.02,0,1,0,0,0,0,0,3.577819e-05
0.13,0.02,1,1,1,0,0,0,0,4.6053025e-05
0.36,0.33,0,3,0,0,0,0,0,3.2869962e-06
0.06,0.03,0,4,0,0,0,0,0,0.0022181652
0.08,0.28,1,3,0,0,0,0,0,0.045717124
0.17,0.17,0,4,0,0,0,0,0,2.7345315e-05
0.26,0.16,1,1,0,0,0,0,0,0.00024207724
0.08,0.12,0,3,1,0,0,0,0,7.433729e-05
0.23,0.02,0,0,0,0,0,0,0,1.768371e-06
0.22,0.0,0,0,0,0,0,0,0,1.8463816e-05
0.5,0.26,0,1,0,0,0,0,0,1.8315117e-07
0.28,0.1,1,3,0,0,0,0,0,8.353682e-05
0.58,0.0,0,3,1,0,0,0,0,0.00038324812
0.36,0.11,0,3,0,0,0,0,0,5.3808594e-06
0.07,0.03,0,1,0,0,0,0,0,0.0003670858
0.15,0.18,0,4,1,1,0,1,0,0.011712963
0.24,0.05,0,2,0,0,0,0,0,4.6616547e-06
0.13,0.4,0,1,1,0,0,0,0,1.5278229e-05
0.1,0.29,0,1,0,0,0,0,0,2.0442922e-05
0.26,0.07,0,1,0,0,0,0,0,3.6309889e-06
0.23,0.02,1,0,1,0,0,0,0,9.164357e-06
0.23,0.14,0,5,0,0,1,1,0,0.001994131
0.43,0.14,0,0,0,0,0,0,0,6.2322374e-07
0.2,0.2,0,3,1,0,0,0,0,3.684231e-06
0.22,0.01,1,1,0,0,0,0,0,5.7998004e-05
0.35,0.03,0,0,1,0,0,0,0,5.468025e-06
0.21,0.19,0,0,1,0,0,0,0,6.257866e-08
0.03,0.29,0,4,1,0,0,0,0,0.0021789717
0.27,0.01,0,1,1,0,0,0,0,6.594899e-05
0.26,0.15,0,2,0,0,0,0,0,1.3944803e-06
0.09,0.0,0,1,0,0,0,0,0,2.9525483e-05
0.39,0.07,0,2,1,0,0,0,0,3.2282717e-06
0.2,0.05,1,3,1,0,0,0,0,0.00013931967
0.58,0.42,0,2,0,0,0,0,0,3.568112e-06
0.19,0.09,0,1,1,0,0,0,0,3.5605558e-06
0.11,0.03,0,4,1,0,0,0,0,1.0308439e-05
0.08,0.06,0,1,0,0,0,0,0,0.00028629505
0.53,0.15,0,2,1,0,1,0,0,0.00017780701
0.4,0.01,0,2,0,0,0,0,0,5.4209075e-05
0.33,0.01,0,4,0,0,0,0,0,0.0020168303
0.25,0.04,0,2,0,0,0,0,0,1.7991813e-06
0.17,0.05,0,0,0,0,1,0,0,0.0012749927
0.42,0.1,0,3,0,0,0,0,0,8.018132e-07
0.1,0.14,0,0,1,0,0,0,0,7.1203436e-07
0.04,0.23,0,3,1,0,0,0,0,0.00065546733
0.11,0.0,0,2,0,0,0,0,0,7.3640126e-06
0.29,0.45,0,1,0,0,0,0,0,0.0015930724
0.06,0.04,0,3,0,0,0,0,0,0.007658033
0.09,0.01,0,1,0,0,0,0,0,7.830979e-05
0.29,0.17,0,0,1,0,0,0,0,1.3242801e-05
0.27,0.1,0,1,0,0,0,0,0,5.57019e-06
0.26,0.04,0,5,1,0,0,0,0,3.3509055e-05
0.29,0.04,0,1,1,0,0,0,0,5.1648743e-07
0.15,0.12,0,2,0,0,0,0,0,5.0379687e-05
0.69,0.15,0,4,1,0,0,0,0,1.1087191e-05
0.47,0.03,0,2,0,0,0,0,0,2.2878933e-06
0.09,0.13,0,3,0,0,0,0,0,5.984323e-05
0.15,0.11,0,1,1,0,0,0,0,5.649986e-06
0.47,0.01,0,2,0,0,0,0,0,1.330941e-05
0.07,0.08,0,3,0,1,0,1,1,0.99924904
0.25,0.11,0,2,0,0,0,0,0,2.7569888e-06
0.16,0.22,0,0,0,0,0,0,0,3.8743008e-07
0.33,0.07,0,1,0,0,0,0,0,6.639804e-06
0.3,0.02,0,1,0,0,0,0,0,3.6825477e-05
0.59,0.02,0,2,0,0,1,0,0,0.0038829807
0.45,0.21,0,0,0,0,0,0,0,5.414218e-07
0.06,0.01,0,2,1,0,0,0,0,0.07717188
0.03,0.04,0,3,0,0,0,0,0,0.00079719245
0.59,0.04,0,3,0,0,0,0,0,7.1457776e-05
0.38,0.11,0,2,0,0,0,0,0,9.770278e-07
0.63,0.28,0,2,0,0,0,0,0,1.1357467e-06
0.16,0.22,0,0,1,0,0,0,0,2.7038215e-07
0.51,0.11,0,3,1,1,0,1,0,0.36428887
0.08,0.02,0,4,0,0,0,0,0,0.008714037
0.24,0.02,0,3,1,0,0,0,0,6.379589e-06
0.32,0.23,1,2,0,0,0,0,0,0.00042601553
0.09,0.19,0,3,0,0,0,0,0,0.000110265755
0.21,0.06,0,0,0,0,0,0,0,1.2550569e-06
0.49,0.1,0,1,0,0,0,0,0,3.85853e-05
0.02,0.1,0,2,1,0,0,0,0,0.00015774085
0.19,0.36,0,1,1,0,0,0,0,5.5215673e-07
0.41,0.03,0,1,0,0,0,0,0,3.2035294e-07
0.28,0.22,0,1,0,0,0,0,0,7.0954525e-07
0.1,0.04,0,1,0,0,0,0,0,3.6613936e-05
0.11,0.46,0,2,1,0,0,0,0,0.0005076477
0.21,0.13,1,3,1,0,1,0,0,0.22794397
0.17,0.16,0,0,0,0,0,0,0,8.614698e-06
0.21,0.03,0,4,1,0,0,0,0,3.2843815e-05
0.18,0.22,0,1,1,0,0,0,0,1.2988136e-06
0.03,0.2,0,0,1,0,0,0,0,0.0006478649
0.27,0.02,0,2,1,0,0,0,0,0.00023241455
0.25,0.11,0,2,1,0,0,0,0,3.0244958e-06
0.25,0.07,0,4,0,0,0,0,0,9.481638e-06
0.24,0.06,0,4,0,0,0,0,0,1.910642e-05
0.07,0.02,0,5,0,0,1,1,1,0.99803334
0.12,0.18,1,2,0,0,0,0,0,1.8462651e-06
0.51,0.03,0,0,0,0,0,0,0,1.1798595e-06
0.25,0.06,1,3,1,0,0,0,0,0.0006141458
0.31,0.5,0,3,0,0,0,0,0,0.0007226821
0.1,0.11,0,0,0,0,0,0,0,7.6293036e-06
0.46,0.13,0,3,0,0,0,0,0,1.9939722e-05
0.23,0.03,0,2,1,1,0,0,0,0.15309212
0.44,0.39,0,1,1,0,0,0,0,1.3076527e-06
0.32,0.02,0,0,0,1,0,1,0,0.21112603
0.1,0.3,0,0,1,0,0,0,0,2.2061592e-07
0.44,0.36,0,3,0,0,0,0,0,4.6351047e-07
0.12,0.02,1,2,0,0,0,0,0,2.9175138e-05
0.15,0.06,0,3,0,1,0,1,0,0.32518214
0.64,0.29,0,1,0,0,0,0,0,2.1702301e-06
0.53,0.05,0,2,0,0,0,0,0,1.06157795e-05
0.31,0.04,1,4,1,0,0,0,0,3.8842745e-06
0.27,0.03,0,0,0,1,0,0,0,0.016163737
0.15,0.1,0,2,0,0,0,0,0,3.83623e-05
0.62,0.02,0,2,1,0,0,0,0,2.6065086e-06
0.18,0.0,0,3,0,0,0,0,0,5.806618e-05
0.12,0.03,0,2,1,0,0,0,0,2.0572327e-06
0.3,0.01,1,4,1,0,0,0,0,0.00020046577
0.05,0.01,1,4,0,0,0,1,0,0.37109727
0.16,0.13,0,2,1,0,0,0,0,0.00018855352
0.42,0.18,0,4,0,0,0,0,0,1.9351219e-06
0.29,0.11,0,3,0,0,0,0,0,1.1786178e-06
0.21,0.35,0,2,0,0,0,0,0,1.6050846e-05
0.05,0.17,0,1,0,0,0,0,0,4.992881e-05
0.15,0.2,0,2,1,1,0,0,1,0.54526526
0.3,0.26,0,0,0,0,0,0,0,9.693476e-07
0.19,0.05,0,2,0,0,0,0,0,5.039723e-06
0.16,0.11,0,1,0,0,0,0,0,1.4711402e-05
0.27,0.1,0,2,0,0,0,0,0,7.066589e-06
0.45,0.06,0,3,1,0,0,0,0,4.7240184e-05
0.09,0.23,0,3,0,0,0,0,0,0.0005568059
0.51,0.04,0,3,1,0,0,0,0,2.299245e-05
0.04,0.06,0,1,0,1,0,1,1,0.9341322
0.34,0.05,0,4,1,0,0,0,0,4.97876e-05
0.52,0.04,0,1,1,0,1,0,0,0.00077895477
0.29,0.09,0,2,1,0,0,0,0,1.1511177e-06
0.78,0.06,0,1,1,0,0,0,0,1.47818155e-05
0.32,0.08,0,4,1,0,0,0,0,3.4391314e-07
0.27,0.08,0,1,1,1,0,0,0,0.20229377
0.51,0.09,0,0,0,0,0,0,0,8.87831e-07
0.36,0.08,0,1,0,0,1,0,0,0.0016614388
0.12,0.02,0,3,0,0,0,0,0,1.2672762e-05
0.39,0.17,0,2,0,0,0,0,0,2.508738e-05
0.12,0.08,0,2,1,0,0,0,0,3.3645886e-06
0.24,0.05,0,0,1,0,0,0,0,1.7523686e-05
0.13,0.12,0,1,1,0,0,0,0,1.4269941e-05
0.23,0.2,0,3,1,1,0,1,0,0.3052401
0.35,0.2,0,2,0,0,0,0,0,9.247225e-07
0.31,0.0,1,1,1,0,0,0,0,0.0002899421
0.25,0.02,0,2,1,0,0,0,0,1.0821284e-05
0.64,0.05,0,4,0,0,0,0,0,5.330825e-06
0.13,0.02,1,2,0,0,0,0,0,0.0005639602
0.4,0.2,0,2,1,0,0,0,0,2.0606809e-05
0.25,0.1,0,2,1,0,0,0,0,4.316503e-06
0.13,0.01,0,1,1,0,0,0,0,6.870067e-05
0.2,0.03,0,4,1,0,0,0,0,6.64297e-05
0.19,0.05,0,4,0,0,0,0,0,2.602959e-05
0.31,0.05,0,1,1,0,0,0,0,6.1396877e-06
0.08,0.27,0,0,1,1,0,1,1,0.692337
0.34,0.28,0,0,1,0,0,0,0,9.353564e-08
0.06,0.16,0,3,0,0,0,0,0,0.0074732774
0.27,0.03,0,2,1,0,0,0,0,3.217195e-06
0.42,0.16,0,2,0,0,0,0,0,1.1706911e-06
0.26,0.12,0,3,1,0,1,0,0,0.039596576
0.08,0.15,1,3,1,1,0,1,1,0.99995637
0.39,0.14,1,2,1,1,0,1,1,0.99903536
0.23,0.14,1,3,1,0,0,0,0,0.00020440515
0.17,0.04,0,2,1,0,0,0,0,7.430175e-06
0.13,0.51,0,4,0,0,0,0,0,0.007970719
0.09,0.14,0,2,0,0,0,0,0,2.9861661e-05
0.44,0.21,0,2,1,0,0,0,0,9.245231e-06
0.28,0.06,0,3,0,0,0,0,0,1.8496667e-05
0.09,0.02,0,1,0,0,0,0,0,5.4871372e-05
0.17,0.15,0,0,1,0,0,0,0,8.076127e-07
0.18,0.5,0,4,0,0,0,0,0,0.00024561526
0.05,0.09,0,1,1,1,0,1,1,0.9856222
0.43,0.1,0,1,0,0,0,0,0,2.1665596e-06
0.19,0.02,0,2,1,0,0,0,0,3.0028892e-05
0.42,0.04,0,2,0,0,0,0,0,1.3064506e-07
0.08,0.1,0,1,1,0,0,0,0,0.00026892094
0.22,0.16,0,3,0,0,0,0,0,6.349332e-06
0.11,0.18,0,3,1,0,0,0,0,2.0793698e-06
0.36,0.04,0,4,0,0,0,0,0,3.2417815e-05
0.37,0.01,0,3,0,0,0,0,0,0.0009347457
0.14,0.01,0,2,1,0,0,0,0,9.096134e-05
0.27,0.08,1,1,0,0,0,0,0,0.0004864211
0.65,0.03,1,1,1,0,0,0,0,8.549175e-06
0.22,0.02,0,4,0,0,0,0,0,2.7887803e-05
0.14,0.22,0,3,1,0,0,0,0,3.924267e-06
0.21,0.11,1,4,1,0,0,0,0,0.0004409695
0.41,0.09,0,1,1,0,0,0,0,6.1218566e-07
0.33,0.07,0,3,1,0,0,0,0,5.7724155e-06
0.37,0.01,0,3,0,0,0,0,0,0.0009347457
0.43,0.11,0,0,0,0,0,0,0,5.4037846e-06
0.1,0.07,1,2,1,0,0,0,0,6.2476814e-05
0.7,0.09,0,0,0,1,0,0,0,0.01923002
0.05,0.24,0,3,1,1,0,1,0,0.3017244
0.13,0.18,1,3,1,0,0,0,0,1.6041781e-06
0.23,0.12,0,0,0,1,0,1,1,0.6279597
0.33,0.08,0,2,0,0,0,0,0,9.194613e-07
0.08,0.04,0,3,1,0,0,0,0,0.0006439099
0.2,0.08,0,2,0,0,1,0,0,0.005281682
0.49,0.04,0,3,1,0,0,0,0,0.00012141042
0.14,0.24,0,2,1,1,0,0,0,0.07454665
0.37,0.06,1,3,1,0,1,0,0,0.007695021
0.14,0.12,0,3,0,0,0,0,0,1.5850861e-05
0.19,0.14,0,2,1,0,0,0,0,3.9938427e-06
0.49,0.06,1,0,1,0,0,0,0,1.3547716e-05
0.55,0.2,0,1,1,0,0,0,0,3.7254558e-06
0.11,0.09,0,2,0,0,0,0,0,5.9928893e-06
0.24,0.08,0,3,1,0,0,0,0,9.420071e-06
0.33,0.51,0,0,0,0,0,0,0,1.7647453e-05
0.47,0.12,0,1,0,0,0,0,0,1.6613829e-05
0.41,0.02,0,4,0,0,0,0,0,8.9429035e-05
0.3,0.26,0,2,1,0,0,0,0,3.5571372e-07
0.39,0.11,0,1,1,0,0,0,0,2.6894634e-06
0.29,0.08,1,2,0,0,0,0,0,4.99572e-05
0.04,0.09,0,2,1,0,0,0,0,0.00014657028
0.16,0.23,0,2,1,0,0,0,0,0.00015345482
0.32,0.02,1,2,1,0,0,0,0,1.3034477e-07
0.27,0.01,1,0,1,0,0,0,0,0.00020769546
0.43,0.17,0,0,0,1,0,0,1,0.6314613
0.28,0.03,0,2,1,0,0,0,0,5.188817e-06
0.12,0.09,0,2,0,1,1,1,1,0.99903095
0.27,0.06,0,1,1,0,0,0,0,7.637442e-06
0.21,0.15,1,4,1,0,0,0,0,0.00039166337
0.5,0.16,0,0,1,1,0,0,0,0.009003667
0.39,0.02,1,1,0,0,0,0,0,0.00028182415
0.84,0.11,0,1,1,0,0,0,0,8.281169e-06
0.26,0.06,0,1,0,0,0,0,0,7.316838e-06
0.49,0.1,0,4,0,0,0,0,0,7.74757e-06
0.44,0.06,0,2,1,0,0,0,0,1.5758558e-05
0.09,0.15,0,3,0,0,1,1,0,0.42326176
0.39,0.17,1,2,0,0,0,0,0,0.0022775517
0.3,0.04,0,3,0,0,1,0,0,0.0016192973
0.42,0.1,0,2,1,0,0,0,0,6.8903375e-07
0.46,0.03,0,2,1,0,0,0,0,4.416458e-07
0.66,0.02,0,2,1,0,0,0,0,1.5491967e-05
0.65,0.09,0,1,1,0,0,0,0,3.7202759e-07
0.13,0.18,0,2,1,0,0,0,0,4.951262e-07
0.12,0.07,1,1,1,0,0,0,0,3.4822044e-06
0.09,0.03,1,2,0,0,1,1,1,0.646833
0.09,0.0,0,1,0,0,0,0,0,2.9525483e-05
0.17,0.11,0,1,1,0,0,0,0,1.15202765e-05
0.06,0.06,0,2,1,1,0,1,1,0.99726653
0.2,0.02,0,2,0,1,0,0,1,0.9203527
0.05,0.13,0,1,0,0,0,0,0,0.00026937743
0.05,0.1,0,2,0,0,0,0,0,4.8092366e-05
0.38,0.02,0,3,1,0,0,0,0,0.00010686077
0.11,0.03,0,2,1,1,0,0,0,0.12536998
0.1,0.09,1,3,1,0,0,0,0,2.4344938e-05
0.57,0.27,1,2,1,0,0,0,0,1.255963e-05
0.34,0.22,0,2,1,0,1,0,0,0.00043842508
0.58,0.13,0,2,0,0,0,0,0,0.00010850954
0.34,0.04,0,0,0,0,0,0,0,6.906271e-06
0.27,0.1,0,2,1,0,0,0,0,7.75224e-06
0.2,0.08,0,1,0,0,0,0,0,1.5304096e-05
0.27,0.0,0,0,1,0,0,0,0,2.146105e-05
0.72,0.08,1,3,0,0,0,0,0,1.424673e-05
0.08,0.22,0,0,0,0,0,0,0,6.863532e-05
0.39,0.03,0,2,0,0,0,0,0,8.9600945e-07
0.42,0.07,0,0,0,1,0,0,0,0.05559057
0.31,0.22,1,1,1,0,0,0,0,4.5278884e-05
0.38,0.36,0,3,1,0,0,0,0,1.6700023e-06
0.16,0.02,0,3,0,0,0,0,0,1.4482759e-05
0.27,0.05,0,3,0,0,0,0,0,7.246444e-06
0.22,0.05,0,1,1,0,0,0,0,2.1272274e-06
0.1,0.28,0,0,1,0,0,0,0,2.5624374e-07
0.43,0.02,1,2,1,0,0,0,0,1.1214972e-06
0.18,0.05,0,3,1,0,1,0,0,0.0017114889
0.32,0.07,0,3,0,0,0,0,0,3.4274424e-07
0.41,0.09,0,0,0,0,0,0,0,1.4828063e-06
0.15,0.01,1,3,0,0,0,0,0,0.0003286538
0.47,0.06,0,4,0,0,0,0,0,2.39698e-05
0.38,0.17,1,2,0,1,0,1,1,0.9997079
0.07,0.3,0,4,0,0,0,0,0,0.06287385
0.34,0.21,0,2,1,0,0,0,0,4.015521e-07
0.07,0.11,0,1,1,0,0,0,0,0.00010653914
0.31,0.18,0,1,0,0,0,0,0,0.00017793234
0.28,0.06,0,2,1,0,0,0,0,1.562701e-05
0.71,0.02,0,1,1,0,0,0,0,0.00059756625
0.15,0.14,0,4,0,1,0,0,0,0.01747377
0.42,0.1,1,2,1,1,0,0,1,0.8534752
0.48,0.1,0,1,1,0,0,0,0,1.7153528e-05
0.19,0.19,0,1,0,0,0,0,0,2.0792547e-06
0.19,0.27,1,1,1,0,0,0,0,3.0501067e-05
0.38,0.23,0,3,0,0,1,0,0,0.0119946515
0.32,0.08,0,1,1,0,0,0,0,4.551227e-07
0.25,0.05,1,2,1,0,0,0,0,0.00016661988
0.26,0.0,0,2,1,0,0,0,0,0.0002678613
0.4,0.3,0,1,0,0,0,0,0,6.152055e-06
0.35,0.12,0,2,0,0,0,0,0,3.889219e-06
0.26,0.13,0,3,1,0,0,0,0,1.4294008e-05
0.47,0.18,0,0,1,0,0,0,0,5.567996e-06
0.16,0.19,0,1,1,1,0,0,0,0.33009887
0.29,0.01,0,2,1,0,0,0,0,9.909242e-05
0.06,0.2,0,1,0,1,0,1,1,0.99234796
0.37,0.32,0,2,0,0,0,0,0,2.5053168e-06
0.51,0.07,0,2,1,0,0,0,0,2.7568362e-06
0.24,0.17,0,2,0,0,0,0,0,1.7006332e-05
0.26,0.05,0,0,1,0,0,0,0,1.526892e-05
0.43,0.11,0,4,1,0,0,0,0,4.6474582e-07
0.36,0.05,0,3,0,0,0,0,0,1.3470031e-05
0.51,0.22,0,1,1,0,0,0,0,3.9872207e-06
0.15,0.1,0,3,0,0,0,0,0,8.147016e-06
0.21,0.08,0,2,0,0,0,0,0,5.503537e-06
0.39,0.07,0,4,1,0,0,0,0,2.2481314e-05
0.27,0.04,0,2,0,0,0,0,0,1.6853378e-06
0.37,0.04,0,0,1,0,0,0,0,4.0623495e-06
0.45,0.04,0,2,0,0,0,0,0,5.4643965e-06
0.42,0.09,0,1,1,0,0,0,0,6.1218566e-07
0.22,0.33,0,4,0,0,0,0,0,7.2308776e-06
0.62,0.1,0,1,0,0,0,0,0,1.2054019e-05
0.07,0.17,0,1,0,0,0,0,0,0.00045805195
0.4,0.1,0,1,0,0,0,0,0,1.3290637e-06
0.49,0.24,0,2,0,0,0,0,0,2.7843527e-07
0.12,0.04,0,1,1,0,0,0,0,2.4140727e-05
0.2,0.07,0,3,0,0,0,0,0,2.1824235e-05
0.57,0.08,0,3,0,0,0,0,0,7.7164134e-07
0.15,0.01,0,2,0,0,1,0,1,0.5192464
0.19,0.15,0,1,1,0,0,0,0,1.7185731e-06
0.33,0.26,0,3,1,0,0,0,0,1.7737777e-07
0.32,0.03,0,3,1,0,0,0,0,8.132307e-07
0.26,0.1,1,2,0,0,0,0,0,5.946754e-05
0.32,0.07,0,1,1,0,0,0,0,5.624497e-07
0.3,0.02,1,1,1,0,0,0,0,8.0791847e-07
0.33,0.01,0,3,0,0,0,0,0,0.00090521877
0.11,0.22,0,3,0,0,0,0,0,7.95729e-06
0.18,0.07,0,1,0,0,0,0,0,1.5243649e-05
0.16,0.12,1,3,1,0,0,0,0,1.1027675e-05
0.35,0.03,0,2,1,0,0,0,0,9.794794e-07
0.18,0.07,0,4,0,0,0,0,0,2.3375665e-05
0.21,0.01,0,2,0,0,0,0,0,4.0209867e-05
0.07,0.01,0,3,0,0,0,0,0,0.096243575
0.16,0.14,0,0,1,1,0,1,0,0.017417448
0.35,0.01,0,2,0,0,0,0,0,4.207918e-05
0.42,0.21,1,2,0,0,0,0,0,0.0030949016
0.25,0.09,0,1,1,0,0,0,0,2.9349612e-06
0.49,0.02,0,2,1,0,0,0,0,1.095124e-06
0.21,0.23,0,2,0,0,0,0,0,7.1749764e-06
0.14,0.21,0,3,1,0,0,0,0,5.5239234e-06
0.09,0.11,0,2,0,0,0,0,0,1.8657493e-05
0.15,0.34,1,0,1,0,0,0,0,1.0984346e-06
0.42,0.09,0,3,0,0,0,0,0,6.655563e-07
0.24,0.11,1,2,1,0,0,0,0,1.5761714e-05
0.31,0.16,0,0,1,0,0,0,0,2.0175337e-05
0.09,0.08,1,0,1,0,0,0,0,0.00025329183
0.2,0.31,0,1,0,0,0,0,0,1.796635e-06
0.66,0.08,0,1,1,0,0,0,0,4.6939877e-07
0.39,0.34,1,2,1,0,0,0,0,0.00026887248
0.48,0.08,0,2,0,0,0,0,0,1.4458829e-05
0.45,0.16,0,1,0,0,0,0,0,2.8645215e-06
0.56,0.03,0,0,0,0,0,0,0,5.3049575e-07
0.09,0.01,0,0,0,0,0,0,0,4.189004e-05
0.31,0.05,0,1,0,0,0,0,0,4.0524133e-06
0.42,0.02,0,1,0,0,0,0,0,2.2551696e-06
0.52,0.32,0,1,1,0,0,0,0,2.042663e-07
0.34,0.02,0,3,0,0,0,0,0,0.0002662153
0.37,0.03,0,2,0,0,0,0,0,6.11989e-07
0.04,0.13,0,2,0,0,0,0,0,0.00023983109
0.54,0.24,0,0,1,0,0,0,0,9.006291e-08
0.23,0.02,0,2,1,0,0,0,0,2.2103109e-06
0.44,0.13,0,2,1,0,0,0,0,3.070426e-06
0.25,0.11,1,2,0,0,0,0,0,0.00012742508
0.46,0.05,0,2,0,0,0,0,0,4.8322695e-06
0.24,0.15,1,3,0,0,0,0,0,0.00043470674
0.24,0.0,0,0,0,0,0,0,0,4.3674274e-05
0.34,0.11,0,2,1,0,0,0,0,7.6680635e-07
0.16,0.04,0,2,0,0,0,0,0,2.7251083e-06
0.15,0.15,0,3,0,0,0,0,0,2.8424708e-06
0.52,0.25,0,4,0,0,0,0,0,1.4459604e-06
0.24,0.27,0,2,1,0,0,0,0,3.4342838e-07
0.36,0.26,0,3,1,0,0,0,0,6.307427e-07
0.32,0.2,0,0,0,0,0,0,0,4.217382e-07
0.31,0.07,0,2,0,0,0,0,0,1.6522692e-06
0.17,0.12,0,1,0,0,0,0,0,0.0001193418
0.14,0.18,0,0,1,0,0,0,0,1.2001821e-07
0.19,0.17,0,5,0,0,0,0,0,0.00074309926
0.31,0.0,0,1,0,0,0,0,0,0.00025485863
0.52,0.17,0,3,1,0,0,0,0,5.893984e-07
0.34,0.14,0,3,0,0,0,0,0,9.760238e-07
0.41,0.07,1,2,1,0,0,0,0,1.6737716e-06
0.22,0.01,0,2,0,0,0,0,0,2.2201168e-05
0.52,0.05,0,0,0,1,0,0,0,0.20017616
0.27,0.05,1,2,0,0,0,0,0,3.475376e-05
0.17,0.07,0,3,1,0,0,0,0,5.140661e-06
0.07,0.01,0,0,0,0,0,0,0,0.0010603887
0.38,0.12,0,2,1,0,0,0,0,2.4420312e-06
0.21,0.07,0,1,0,0,0,0,0,4.5893476e-06
0.28,0.18,0,1,0,0,0,0,0,0.00015569839
0.16,0.04,0,4,0,0,0,0,0,1.0548377e-05
0.25,0.01,0,1,1,0,0,0,0,4.827147e-06
0.25,0.24,1,5,1,0,0,0,0,0.00021390202
0.25,0.02,1,1,1,0,0,0,0,1.2369372e-05
0.49,0.21,0,2,0,0,0,0,0,1.6412586e-06
0.45,0.0,1,2,1,0,0,0,0,0.000595114
0.19,0.11,0,2,1,0,0,0,0,1.8628995e-06
0.76,0.06,0,3,0,0,0,0,0,3.0890154e-05
0.41,0.02,1,0,0,0,0,0,0,6.681298e-05
0.29,0.0,0,1,1,0,0,0,0,5.887697e-05
0.61,0.2,0,2,0,0,0,0,0,0.00088468177
0.51,0.23,0,0,0,0,0,0,0,5.714492e-07
0.19,0.21,0,3,0,0,0,0,0,5.273203e-06
0.29,0.04,0,2,1,1,0,0,0,0.004846582
0.13,0.21,0,2,0,0,0,0,0,3.0619692e-06
0.39,0.0,0,0,1,0,0,0,0,3.96319e-05
0.64,0.18,0,3,0,0,0,0,0,1.909886e-05
0.44,0.07,0,0,0,0,0,0,0,6.76708e-05
0.39,0.08,0,1,0,0,0,0,0,2.4674473e-06
0.18,0.01,1,2,1,0,0,0,0,0.00011831251
0.49,0.06,0,2,0,0,0,0,0,1.7404405e-05
0.08,0.08,0,3,0,0,0,0,0,0.00030761198
0.29,0.41,0,2,0,0,0,0,0,0.00023255064
0.33,0.01,0,2,0,0,0,0,0,0.00014524924
0.46,0.14,0,1,1,0,0,0,0,2.0980595e-05
0.3,0.11,0,2,0,0,0,0,0,5.710543e-07
0.18,0.04,0,1,0,1,0,0,0,0.08750039
0.4,0.0,0,2,0,0,0,0,0,0.00012380118
0.09,0.02,0,4,1,0,0,0,0,8.1092585e-05
0.34,0.04,0,2,1,0,0,0,0,3.2379658e-06
0.15,0.03,1,3,1,0,0,0,0,1.7625352e-05
0.29,0.03,0,3,1,0,0,0,0,4.856186e-06
0.57,0.01,0,3,0,0,0,0,0,1.5243297e-06
0.16,0.18,0,3,0,0,0,0,0,7.0359592e-06
0.1,0.08,0,2,0,0,0,0,0,1.231114e-05
0.47,0.0,0,1,0,0,0,0,0,7.086651e-05
0.33,0.1,0,3,1,0,0,0,0,2.4128742e-06
0.4,0.19,1,1,0,1,0,1,1,0.99607205
0.48,0.15,1,3,1,0,0,0,0,2.3968909e-05
0.3,0.0,0,1,1,0,0,0,0,0.00021773283
0.17,0.33,0,4,1,0,0,0,0,7.5877983e-06
0.23,0.13,0,0,1,0,0,0,0,2.267832e-05
0.41,0.13,0,2,1,0,0,0,0,3.5716698e-06
0.31,0.16,0,0,1,0,0,0,0,2.0175337e-05
0.39,0.22,0,3,0,0,0,0,0,7.47519e-07
0.03,0.21,0,0,0,0,0,0,0,0.00065252604
0.17,0.05,0,2,0,0,0,0,0,8.246706e-06
0.12,0.09,0,4,0,0,0,0,0,1.8532579e-06
0.26,0.21,0,1,1,0,0,0,0,2.5847822e-07
0.04,0.15,0,2,1,0,0,0,0,0.000107308835
0.2,0.03,1,2,1,0,0,0,0,1.8385872e-05
0.28,0.18,1,2,1,0,0,0,0,0.0005393036
0.3,0.02,1,2,0,0,0,0,0,3.4969437e-06
0.27,0.02,0,1,0,0,0,0,0,0.00016646997
0.18,0.05,0,2,0,0,0,0,0,9.545537e-06
0.41,0.06,0,0,1,0,0,0,0,1.7909674e-06
0.09,0.04,1,2,0,0,0,0,0,8.225915e-06
0.09,0.27,0,2,0,0,1,0,0,0.054614045
0.37,0.08,0,2,1,0,0,0,0,1.3985463e-06
0.22,0.02,0,3,0,0,0,0,0,4.1208466e-05
0.44,0.08,0,4,0,0,1,0,0,7.393756e-05
0.15,0.11,1,3,0,1,0,0,0,0.05849694
0.12,0.15,0,0,0,0,0,0,0,5.340175e-07
0.35,0.0,0,1,0,1,0,0,1,0.95536083
0.3,0.06,0,2,1,1,0,0,0,0.069727495
0.17,0.27,0,1,0,0,1,0,0,0.008862781
0.26,0.03,0,1,1,0,0,0,0,6.7806805e-06
0.3,0.03,0,6,0,0,0,0,0,1.0084418e-05
0.14,0.23,0,5,0,1,0,0,1,0.9250123
0.28,0.26,0,1,1,0,0,0,0,1.9332479e-06
0.34,0.21,0,0,0,0,0,0,0,1.6131773e-07
0.51,0.12,0,2,1,0,0,0,0,7.748314e-07
0.4,0.06,0,2,0,0,0,0,0,8.8815113e-07
0.65,0.07,0,0,0,0,0,0,0,2.2950785e-06
0.26,0.01,0,1,1,0,0,0,0,7.3892047e-06
0.43,0.02,0,1,0,0,0,0,0,1.2688966e-05
0.03,0.07,0,1,0,0,0,0,0,4.1627613e-05
0.16,0.01,0,1,1,0,0,0,0,3.775756e-05
0.24,0.2,1,2,1,0,0,0,0,5.360423e-05
0.36,0.26,0,3,0,0,0,0,0,6.104373e-07
0.45,0.01,0,3,1,1,0,0,1,0.9891472
0.1,0.24,0,2,0,0,0,0,0,4.9858965e-05
0.05,0.05,0,2,1,0,0,0,0,8.03907e-05
0.54,0.01,1,3,0,0,0,0,0,0.00044196245
0.25,0.16,0,0,1,0,1,0,0,0.0016445982
0.58,0.04,0,2,1,0,0,0,0,7.887961e-06
0.21,0.0,0,2,0,0,0,0,0,0.00016852576
0.57,0.02,0,4,1,0,0,0,0,1.076118e-06
0.28,0.05,0,3,0,0,0,0,0,1.8450703e-05
0.22,0.13,1,5,1,0,0,0,0,0.00016067752
0.38,0.08,1,3,0,0,0,0,0,0.00020504424
0.25,0.05,1,1,0,0,0,0,0,0.00021339417
0.28,0.05,0,0,1,1,0,0,0,0.3559137
0.26,0.02,0,0,1,1,0,0,0,0.016994284
0.03,0.15,0,4,0,0,0,0,0,1.8279608e-05
0.3,0.11,0,3,0,0,0,0,0,1.2933009e-06
0.33,0.12,0,2,1,0,0,0,0,1.0690926e-06
0.52,0.1,1,6,0,0,0,0,0,4.5044722e-05
0.34,0.1,0,2,0,0,0,0,0,1.935159e-06
0.38,0.11,0,2,1,0,0,0,0,7.44029e-07
0.22,0.02,0,2,0,0,0,0,0,1.18069165e-05
0.45,0.06,0,2,1,0,0,0,0,1.653382e-05
0.26,0.0,0,3,0,0,0,0,0,0.002271385
0.34,0.08,1,2,0,0,0,0,0,6.652048e-05
0.35,0.01,1,5,0,0,0,0,0,0.0017854288
0.33,0.03,0,0,0,0,0,0,0,9.399727e-06
0.03,0.05,0,2,0,0,0,0,0,0.000121783894
0.38,0.12,0,0,0,1,0,0,1,0.53934
0.38,0.05,1,0,1,1,0,1,1,0.9900575
0.35,0.07,0,4,1,0,0,0,0,2.2631373e-05
0.24,0.14,0,1,1,0,0,0,0,6.4849405e-07
0.42,0.17,0,1,1,0,0,0,0,2.7898197e-06
0.67,0.06,1,1,1,0,0,0,0,8.856139e-06
0.6,0.03,0,0,1,0,0,0,0,4.5101983e-06
0.13,0.09,0,0,0,0,0,0,0,1.1423141e-05
0.27,0.2,0,1,0,0,0,0,0,4.710936e-06
0.3,0.06,1,0,0,0,0,0,0,4.071771e-06
0.19,0.04,0,0,1,0,0,0,0,5.202901e-07
0.33,0.2,0,6,1,0,0,0,0,7.13395e-06
0.28,0.11,0,0,1,0,0,0,0,2.0074483e-05
0.09,0.11,0,0,0,0,0,0,0,7.538021e-05
0.46,0.28,0,3,0,0,0,0,0,6.876558e-07
0.55,0.1,0,1,1,0,0,0,0,1.4115585e-06
0.56,0.01,1,1,1,0,0,0,0,0.00023015929
0.29,0.04,0,2,1,0,0,0,0,3.6624553e-07
0.37,0.04,0,4,1,0,0,0,0,2.9481818e-05
0.27,0.13,0,2,1,0,0,0,0,2.3889175e-05
0.27,0.0,1,3,1,0,0,0,0,0.0009071905
0.21,0.12,0,5,1,1,0,0,0,0.46625105
0.08,0.18,0,2,1,0,0,0,0,4.5518816e-05
0.1,0.05,0,2,0,0,0,0,0,7.032814e-05
0.1,0.04,0,4,1,1,0,0,1,0.56405574
0.28,0.05,0,3,0,0,0,0,0,1.8450703e-05
0.33,0.14,0,1,1,1,0,0,0,0.12153104
0.07,0.25,0,2,1,0,0,0,0,0.00014720616
0.14,0.0,0,1,1,0,0,0,0,6.6420207e-06
0.44,0.07,0,3,1,0,0,0,0,3.0359826e-05
0.13,0.11,1,2,1,0,0,0,0,3.7332555e-07
0.13,0.07,0,2,1,0,0,0,0,2.2540864e-05
0.24,0.19,0,4,1,0,0,0,0,5.618252e-07
0.24,0.13,0,3,0,0,0,0,0,5.2454566e-06
0.17,0.1,0,1,1,0,0,0,0,3.706884e-05
0.15,0.36,0,2,0,0,0,0,0,4.716996e-05
0.23,0.02,0,3,0,0,0,0,0,5.5048176e-06
0.22,0.34,0,2,0,0,0,0,0,2.0239231e-06
0.19,0.15,0,2,0,0,0,0,0,5.213215e-06
0.46,0.02,1,2,1,0,0,0,0,4.9342316e-07
0.19,0.02,0,1,0,0,0,0,0,9.458277e-05
0.27,0.04,0,2,1,0,0,0,0,2.535881e-06
0.54,0.11,1,3,0,0,0,0,0,2.0490625e-05
0.4,0.1,0,1,1,0,0,0,0,1.0121117e-06
0.24,0.02,1,1,1,0,0,0,0,1.2369372e-05
0.2,0.04,0,3,1,0,0,0,0,9.657154e-06
0.44,0.01,1,1,1,0,0,0,0,5.3931773e-05
0.2,0.1,0,1,0,0,0,0,0,1.204648e-05
0.48,0.13,1,1,1,1,0,1,0,0.42940816
0.35,0.08,0,2,0,0,0,0,0,2.123662e-06
0.26,0.12,0,2,0,1,0,0,0,0.20840847
0.46,0.08,0,1,0,0,0,0,0,9.129909e-06
0.63,0.16,0,2,1,0,0,0,0,3.486573e-05
0.42,0.06,0,3,0,0,0,0,0,1.2925537e-06
0.23,0.04,1,2,1,0,0,0,0,7.857976e-05
0.18,0.03,1,4,1,0,0,0,0,2.7473892e-05
0.13,0.18,0,5,1,0,0,0,0,2.2758177e-06
0.63,0.14,0,2,1,0,0,0,0,8.876684e-05
0.25,0.14,0,3,1,0,0,0,0,2.459612e-06
0.12,0.02,0,3,0,0,0,0,0,1.2672762e-05
0.24,0.07,0,3,1,0,0,0,0,2.0263651e-05
0.5,0.4,0,2,0,0,0,0,0,2.5845333e-07
0.26,0.13,0,2,1,1,0,0,0,0.384623
0.51,0.12,0,3,0,0,0,0,0,7.0790486e-07
0.32,0.06,0,0,1,0,0,0,0,2.875807e-06
0.07,0.25,0,4,1,0,0,0,0,0.002760799
0.19,0.0,0,2,0,0,0,0,0,8.33213e-05
0.07,0.34,1,0,1,0,0,0,0,0.0056477296
0.28,0.13,0,4,0,0,0,0,0,8.333274e-06
0.26,0.13,0,2,1,1,0,0,0,0.384623
0.15,0.15,0,4,0,0,0,0,0,1.7061312e-06
0.18,0.06,0,0,0,0,0,0,0,5.131258e-07
0.32,0.13,0,4,0,0,0,0,0,3.5066276e-07
0.36,0.02,0,2,1,0,0,0,0,1.46445345e-05
0.52,0.04,0,6,0,0,0,0,0,2.3134842e-05
0.28,0.04,0,2,1,0,0,0,0,4.089969e-06
0.68,0.22,0,2,0,1,0,0,0,0.4798505
0.33,0.07,0,4,1,0,0,0,0,1.574133e-05
0.21,0.07,0,1,1,0,1,0,0,0.0030520326
0.49,0.1,1,2,0,0,0,0,0,8.8946384e-05
0.63,0.03,0,2,1,0,0,0,0,1.3959798e-06
0.2,0.09,0,2,1,0,0,0,0,1.3266741e-05
0.25,0.03,1,2,0,0,0,0,0,0.00061414175
0.37,0.1,0,6,1,0,1,0,0,0.04948975
0.68,0.12,0,0,1,0,0,0,0,1.993621e-06
0.38,0.13,0,1,1,0,0,0,0,3.1932163e-05
0.12,0.05,0,1,1,0,0,0,0,2.4647079e-05
0.29,0.0,0,3,1,0,0,0,0,0.00057630765
0.37,0.01,0,1,0,0,0,0,0,6.534339e-05
0.22,0.14,0,2,0,0,0,0,0,1.3599926e-06
0.1,0.21,0,0,1,0,0,0,0,2.9904265e-07
0.65,0.03,0,2,0,0,0,0,0,8.3208806e-07
0.13,0.04,0,2,1,0,0,0,0,3.5178673e-05
0.23,0.42,0,2,0,0,0,0,0,2.0969674e-05
0.03,0.04,0,1,0,0,0,0,0,0.00034123778
0.38,0.05,1,3,1,0,0,0,0,1.0553398e-05
0.15,0.03,0,1,0,0,0,0,0,6.028888e-06
0.23,0.28,0,2,0,0,0,0,0,6.735282e-07
0.4,0.06,0,1,1,0,0,0,0,5.9953305e-07
0.21,0.05,0,1,0,0,1,0,0,0.0006074437
0.32,0.18,0,3,1,0,0,0,0,1.5187681e-05
0.41,0.04,0,1,0,0,0,0,0,3.3018966e-07
0.11,0.08,0,3,0,0,0,0,0,1.7713078e-06
0.35,0.09,0,2,1,0,0,0,0,2.4343044e-06
0.05,0.2,0,0,1,0,0,0,0,1.2862791e-05
0.2,0.01,0,3,0,0,0,0,0,9.109944e-05
0.06,0.05,0,1,0,0,0,0,0,0.00025935823
0.06,0.14,0,1,0,0,0,0,0,0.0005185179
0.12,0.12,0,0,0,0,0,0,0,1.599473e-06
0.09,0.08,0,1,0,0,0,0,0,1.3752727e-05
0.11,0.07,0,4,1,0,0,0,0,7.3077163e-06
0.31,0.11,0,1,1,0,0,0,0,1.538543e-05
0.13,0.23,0,2,1,0,0,0,0,2.29022e-05
0.33,0.35,0,4,1,0,0,0,0,8.618437e-06
0.62,0.25,0,0,0,0,0,0,0,4.3485034e-06
0.19,0.04,1,3,0,0,0,0,0,1.9331212e-05
0.14,0.07,0,4,0,0,0,0,0,0.00025422062
0.06,0.04,0,2,1,0,0,0,0,0.0001432361
0.34,0.11,0,3,1,0,0,0,0,4.8869506e-06
0.18,0.05,0,2,1,0,0,0,0,9.61335e-06
0.32,0.0,0,1,0,0,0,0,0,5.52744e-05
0.58,0.13,0,2,0,0,0,0,0,0.00010850954
0.06,0.24,0,0,0,1,0,1,1,0.9708391
0.33,0.05,1,2,0,0,0,0,0,2.98062e-06
0.13,0.05,0,4,0,0,0,0,0,0.00019897129
0.24,0.05,0,0,0,0,0,0,0,7.1470313e-06
0.49,0.05,0,3,1,0,0,0,0,0.000102310194
0.39,0.06,0,2,1,0,0,0,0,2.45772e-06
0.13,0.05,0,3,1,0,0,0,0,3.5156838e-05
0.35,0.17,1,4,0,0,0,0,0,0.00035959278
0.23,0.1,1,4,0,0,0,0,0,0.00080698705
0.38,0.3,0,5,0,0,0,0,0,1.3502752e-05
0.52,0.23,0,1,0,1,1,1,1,0.99720144
0.09,0.14,0,3,0,0,0,0,0,3.9293314e-05
0.3,0.25,0,0,1,0,0,0,0,3.3986817e-07
0.41,0.0,0,2,0,0,0,0,0,2.1697999e-05
0.42,0.23,0,2,1,1,0,0,1,0.9748805
0.42,0.02,1,1,1,0,0,0,0,2.4850428e-06
0.31,0.13,1,1,0,1,0,1,1,0.9405357
0.07,0.19,0,7,1,1,0,1,1,0.6704507
0.13,0.0,0,0,1,0,0,0,0,4.045559e-06
0.25,0.11,0,2,0,0,0,0,0,2.7569888e-06
0.34,0.07,0,3,1,0,0,0,0,8.209801e-06
0.45,0.15,0,1,0,0,0,0,0,6.0856274e-07
0.6,0.04,0,1,0,0,0,0,0,1.3128611e-05
0.38,0.03,0,1,0,0,0,0,0,1.2087527e-06
0.19,0.26,0,2,1,0,0,0,0,1.2118161e-06
0.66,0.33,0,1,0,0,1,0,0,8.53382e-05
0.68,0.01,1,0,0,1,0,1,1,0.91203284
0.35,0.13,0,4,0,0,0,0,0,2.1756928e-06
0.43,0.06,0,3,0,0,0,0,0,2.779508e-06
0.16,0.11,0,1,1,0,0,0,0,9.842336e-06
0.23,0.24,0,2,0,1,0,0,0,0.09760743
0.12,0.14,0,3,1,0,0,0,0,3.0082717e-06
0.12,0.19,0,2,0,0,0,0,0,6.6516304e-06
0.51,0.11,0,2,0,0,0,0,0,2.1726303e-06
0.2,0.01,0,4,1,0,0,0,0,5.9171405e-05
0.49,0.07,0,1,0,0,0,0,0,5.1919378e-05
0.22,0.12,0,3,0,1,0,0,0,0.2171924
0.06,0.25,0,5,1,0,0,0,0,0.0016230274
0.25,0.15,0,7,0,0,1,0,0,0.07565597
0.32,0.01,0,2,1,0,0,0,0,7.5421244e-06
0.23,0.25,0,0,0,0,0,0,0,1.9294978e-06
0.22,0.03,1,7,0,0,0,0,0,0.0002821395
0.64,0.04,0,3,1,0,1,0,0,0.0029132627
0.27,0.11,0,5,1,0,0,0,0,3.370137e-05
0.35,0.14,0,1,1,0,0,0,0,3.2269884e-06
0.25,0.22,1,2,1,0,0,0,0,0.00042419942
0.45,0.18,0,2,1,0,0,0,0,5.530813e-06
0.45,0.29,0,3,1,0,0,0,0,2.869391e-06
0.36,0.05,1,1,0,0,0,0,0,0.00045882346
0.23,0.16,0,5,1,0,0,0,0,2.8415921e-05
0.37,0.22,0,2,1,0,0,0,0,1.5001276e-06
0.38,0.19,0,2,0,0,1,0,0,0.0003598107
0.22,0.01,0,5,0,0,0,0,0,2.072909e-05
0.66,0.01,0,1,0,0,0,0,0,0.0006940283
0.41,0.03,0,2,1,0,0,0,0,9.240942e-08
0.06,0.13,0,2,0,0,0,0,0,0.0009678902
0.33,0.02,0,0,1,0,0,0,0,0.00017470184
0.24,0.09,0,1,1,1,1,1,1,0.9989882
0.73,0.2,0,0,0,0,0,0,0,6.0641146e-06
0.53,0.14,0,0,0,1,0,0,0,0.008022696
0.33,0.07,0,6,1,0,0,0,0,4.545063e-05
0.26,0.01,0,3,0,0,0,0,0,9.08703e-05
0.44,0.05,0,4,1,0,0,0,0,0.00010086009
0.08,0.1,0,2,1,0,0,0,0,0.00013157832
0.12,0.26,1,1,1,1,0,1,0,0.004562355
0.23,0.21,1,1,1,0,0,0,0,6.069399e-05
0.28,0.11,0,1,0,0,0,0,0,2.8116094e-06
0.11,0.08,0,4,1,0,0,0,0,1.1915687e-06
0.16,0.11,0,1,0,0,0,0,0,1.4711402e-05
0.02,0.24,0,2,1,0,0,0,0,3.3739478e-05
0.22,0.07,0,3,0,0,0,0,0,1.7154462e-05
0.39,0.01,1,3,1,0,0,0,0,0.0008563314
0.39,0.08,0,2,0,1,0,1,0,0.4649652
0.27,0.12,1,3,1,0,0,0,0,7.183904e-06
0.27,0.12,0,1,1,0,0,0,0,3.172776e-05
0.36,0.13,0,2,1,0,0,0,0,1.2929167e-05
0.36,0.0,0,3,0,0,0,0,0,0.00051048025
0.44,0.19,0,3,1,0,0,0,0,4.584291e-06
0.27,0.02,1,2,1,0,0,0,0,6.2237837e-06
0.16,0.08,0,2,0,0,0,0,0,6.955367e-05
0.52,0.02,0,1,1,1,0,1,0,0.3983764
0.34,0.08,0,1,1,0,0,0,0,1.5947317e-06
0.14,0.29,0,1,1,0,0,0,0,5.201897e-06
0.3,0.03,0,4,0,0,0,0,0,4.3813925e-06
0.29,0.02,0,1,0,0,0,0,0,1.5989475e-05
0.43,0.04,0,4,1,0,0,0,0,1.6049162e-05
0.21,0.08,1,1,0,0,0,0,0,0.00023212288
0.53,0.32,0,4,0,0,0,0,0,1.9153206e-06
0.27,0.14,0,1,1,0,0,0,0,3.4442494e-06
0.05,0.41,1,2,0,0,0,0,0,0.0076797223
0.39,0.11,0,3,0,0,0,0,0,4.153263e-06
0.17,0.21,1,3,1,1,0,1,1,0.99808097
0.45,0.21,0,2,1,0,0,0,0,5.1988222e-06
0.1,0.08,0,0,0,0,0,0,0,2.9778867e-06
0.66,0.13,0,4,0,0,0,0,0,1.5215081e-05
0.62,0.19,0,1,0,0,0,0,0,0.00011629656
0.46,0.07,0,2,0,0,1,0,0,0.00069298333
0.11,0.39,1,1,1,0,0,0,0,7.126166e-05
0.08,0.34,0,0,0,1,0,1,1,0.93641907
0.15,0.21,0,5,1,0,0,0,0,4.7691698e-05
0.72,0.1,0,1,0,0,0,0,0,1.4199229e-05
0.13,0.2,0,3,1,0,0,0,0,1.416701e-05
0.21,0.01,0,2,0,0,0,0,0,4.0209867e-05
0.26,0.03,0,1,1,0,0,0,0,6.7806805e-06
0.72,0.01,0,1,0,1,0,0,1,0.9942333
0.08,0.14,1,0,0,0,0,0,0,0.0018455532
0.08,0.06,0,0,1,0,0,0,0,0.00023077721
0.12,0.13,0,1,0,0,1,0,0,0.050442815
0.41,0.1,0,3,0,0,0,0,0,8.018132e-07
0.22,0.02,0,1,1,0,1,0,0,0.005630401
0.1,0.03,1,0,1,0,0,0,0,2.8815868e-05
0.26,0.0,0,2,0,0,0,0,0,0.00047149314
0.46,0.12,0,3,1,0,0,0,0,2.0950505e-05
0.3,0.03,0,3,0,0,0,0,0,2.681207e-06
0.5,0.1,0,3,0,0,0,0,0,3.149759e-06
0.29,0.31,0,0,0,0,0,0,0,7.2681297e-07
0.26,0.02,0,2,1,0,0,0,0,1.6564738e-05
0.29,0.06,0,2,1,0,0,0,0,1.3993708e-06
0.22,0.05,0,4,1,0,0,0,0,2.1660246e-05
0.09,0.25,0,2,1,0,0,0,0,1.3489314e-05
0.11,0.17,0,2,1,0,0,0,0,2.78891e-06
0.29,0.22,0,3,0,0,0,0,0,1.1703005e-06
0.21,0.02,0,1,1,0,0,0,0,1.297806e-05
0.26,0.0,0,2,1,0,0,0,0,0.0002678613
0.32,0.12,0,2,1,0,0,0,0,2.6683176e-07
0.17,0.14,0,5,1,1,0,0,0,0.09658843
0.39,0.07,0,2,0,0,0,0,0,4.2392317e-06
0.17,0.09,0,1,1,0,0,0,0,4.9983264e-05
0.27,0.51,0,1,0,0,0,0,0,0.0008162211
0.15,0.01,0,1,0,0,0,0,0,4.28482e-05
0.21,0.06,0,3,0,0,0,0,0,4.082596e-06
0.32,0.17,1,7,0,1,0,1,1,0.9371008
0.18,0.0,0,2,1,0,0,0,0,3.953353e-05
0.42,0.04,0,1,1,0,0,0,0,2.6077393e-07
0.54,0.18,0,1,0,0,1,0,0,0.00022098255
0.24,0.01,0,4,0,0,0,0,0,1.2588324e-05
0.18,0.01,0,1,0,0,0,0,0,0.00016017823
0.5,0.09,1,2,0,0,0,0,0,1.3694579e-05
0.24,0.04,0,0,0,1,0,0,0,0.022433136
0.35,0.23,0,2,1,0,0,0,0,6.867377e-06
0.51,0.18,0,3,1,0,0,0,0,9.42908e-07
0.08,0.07,1,3,1,0,0,0,0,0.020682536
0.12,0.2,1,0,1,1,0,0,0,0.008578085
0.55,0.24,0,1,0,0,0,0,0,1.5469116e-06
0.18,0.05,0,1,1,0,0,0,0,9.075315e-06
0.29,0.32,0,4,1,0,0,0,0,0.00031796467
0.07,0.07,0,2,1,0,0,0,0,0.00018024545
0.15,0.01,0,2,0,0,1,0,1,0.5192464
0.21,0.21,0,1,1,0,0,0,0,7.3306566e-08
0.25,0.11,0,1,1,0,0,0,0,1.8398267e-06
0.32,0.17,0,2,0,0,0,0,0,5.5975024e-06
0.35,0.14,0,0,0,0,0,0,0,1.0986504e-06
0.47,0.03,0,1,0,1,0,0,0,0.21089005
0.07,0.04,0,1,0,0,0,0,0,0.0004174648
0.16,0.01,0,2,0,0,0,0,0,6.0614686e-05
0.13,0.04,1,1,0,0,0,0,0,5.7254383e-05
0.03,0.11,0,3,0,0,0,0,0,0.00020548166
0.35,0.17,0,1,1,0,0,0,0,2.0211235e-05
0.46,0.02,1,1,1,0,0,0,0,2.308982e-06
0.25,0.13,0,2,1,0,0,0,0,8.908394e-06
0.2,0.26,1,0,1,0,0,0,0,4.6186865e-06
0.13,0.23,1,1,0,0,0,0,0,1.5525955e-05
0.01,0.34,0,4,0,0,0,0,0,0.00023913286
0.69,0.21,0,3,0,0,1,0,0,0.15168677
0.15,0.0,0,0,0,0,0,0,0,1.700295e-06
0.44,0.11,0,4,0,0,0,0,0,4.52775e-07
0.19,0.18,1,2,1,0,0,0,0,0.00021961579
0.26,0.01,0,2,0,0,0,0,0,2.6854863e-05
0.27,0.17,0,3,1,0,0,0,0,7.072413e-05
0.43,0.26,0,1,0,0,0,0,0,4.7759945e-06
0.33,0.15,0,1,0,0,0,0,0,2.3173138e-06
0.48,0.08,0,4,0,0,0,0,0,4.376152e-06
0.27,0.22,0,4,0,0,0,0,0,2.5020147e-06
0.61,0.08,0,1,0,0,0,0,0,6.4510477e-06
0.31,0.21,0,1,1,0,0,0,0,8.894522e-07
0.37,0.21,0,1,0,0,0,0,0,4.194457e-06
0.31,0.03,0,2,0,0,0,0,0,5.362773e-07
0.43,0.01,0,1,0,0,0,0,0,2.3254177e-05
0.15,0.03,1,3,1,0,0,0,0,1.7625352e-05
0.42,0.05,0,2,1,0,0,0,0,3.943047e-07
0.34,0.06,0,0,1,0,0,0,0,4.320093e-05
0.32,0.0,0,0,1,0,0,0,0,1.0134388e-05
0.51,0.04,0,3,0,0,1,0,0,0.0072887805
0.47,0.01,0,2,1,0,0,0,0,9.412106e-06
0.35,0.18,0,2,0,0,0,0,0,2.5447564e-05
0.49,0.16,0,2,0,0,0,0,0,7.95107e-07
0.53,0.05,1,1,1,0,0,0,0,1.921813e-05
0.36,0.03,0,5,1,0,0,0,0,3.4757304e-05
0.24,0.12,0,2,0,0,1,0,0,0.0024406675
0.12,0.22,0,2,1,0,0,0,0,3.7938723e-06
0.03,0.02,0,2,1,0,0,0,0,0.05350508
0.42,0.15,0,2,0,0,0,0,0,5.898398e-07
0.18,0.0,1,4,0,0,0,0,0,0.0018230989
0.43,0.03,0,3,0,0,0,0,0,9.292885e-06
0.11,0.31,0,2,0,0,0,0,0,0.0001292466
0.2,0.14,0,2,1,0,0,0,0,9.679587e-06
0.54,0.09,0,2,0,0,0,0,0,3.3501517e-06
0.31,0.02,0,3,0,0,0,0,0,0.00015895601
0.37,0.11,0,3,0,1,0,0,0,0.31703836
0.17,0.08,0,3,0,0,0,0,0,6.9625157e-06
0.2,0.14,0,0,0,0,0,0,0,6.5933415e-07
0.26,0.28,0,1,0,0,1,0,0,0.0030356697
0.57,0.1,0,4,0,1,0,0,0,0.0023247192
0.57,0.0,0,1,0,0,0,0,0,7.728604e-06
0.13,0.02,0,2,1,0,0,0,0,0.00017945061
0.16,0.13,0,2,0,0,0,0,0,0.0002461073
0.37,0.07,1,1,1,0,0,0,0,0.00014040232
0.45,0.03,0,3,1,0,1,0,0,0.019463377
0.14,0.07,0,0,1,0,0,0,0,9.705885e-06
0.45,0.04,1,2,0,0,0,0,0,5.0256607e-05
0.18,0.01,0,3,1,1,1,1,1,0.9977191
0.27,0.09,1,4,0,0,0,0,0,0.00013474957
0.32,0.08,1,3,1,0,0,0,0,1.0746012e-06
0.54,0.07,0,3,1,0,0,0,0,1.687423e-05
0.35,0.24,0,2,1,0,0,0,0,6.7455545e-07
0.57,0.04,0,1,0,0,0,0,0,6.024056e-07
0.11,0.29,0,1,0,0,0,0,0,1.4000119e-05
0.57,0.15,0,1,0,0,0,0,0,8.887697e-07
0.24,0.11,0,1,1,0,0,0,0,1.8398267e-06
0.15,0.23,0,0,1,0,0,0,0,6.039213e-07
0.29,0.02,1,1,1,0,0,0,0,1.7735526e-06
0.34,0.13,0,1,0,0,0,0,0,1.2162447e-05
0.35,0.03,0,0,1,0,0,0,0,5.468025e-06
0.23,0.03,0,2,1,0,0,0,0,2.1718367e-06
0.19,0.2,0,3,1,0,0,0,0,8.4797575e-06
0.38,0.15,0,0,0,0,0,0,0,1.4023343e-05
0.44,0.05,0,3,1,0,0,0,0,4.349032e-05
0.38,0.03,0,3,1,0,0,0,0,1.2468073e-05
0.42,0.29,1,0,0,0,0,0,0,2.9670395e-05
0.35,0.14,0,0,0,1,0,0,0,0.08867044
0.22,0.12,0,1,1,0,0,0,0,4.4568155e-06
0.08,0.01,0,3,0,1,0,1,1,0.9993781
0.1,0.1,0,3,0,0,0,0,0,1.009924e-05
0.13,0.02,0,3,0,0,0,0,0,9.4734685e-05
0.29,0.12,1,1,0,0,0,0,0,0.00022032068
0.17,0.01,0,1,0,0,0,0,0,4.5828936e-05
0.45,0.23,0,2,0,0,0,0,0,3.994692e-06
0.42,0.21,0,1,0,0,0,0,0,1.06954585e-05
0.05,0.03,0,3,0,0,0,0,0,0.000975449
0.22,0.09,0,1,1,0,0,0,0,3.5563473e-06
0.51,0.03,0,3,0,0,0,0,0,1.469731e-05
0.08,0.14,0,3,0,0,0,0,0,0.0007994408
0.33,0.13,1,1,1,0,0,0,0,3.3831734e-06
0.19,0.0,0,2,1,1,0,0,1,0.9017369
0.46,0.01,0,2,0,0,0,0,0,1.0237276e-05
0.2,0.14,0,0,1,0,0,0,0,5.244268e-07
0.06,0.03,1,2,1,0,0,0,0,0.0026176388
0.04,0.06,0,2,0,0,1,0,0,0.0022078173
0.39,0.15,0,1,0,0,0,0,0,7.047409e-05
0.18,0.21,1,2,0,0,0,0,0,0.0028218224
0.14,0.18,0,4,0,0,0,0,0,7.564899e-07
0.35,0.11,0,1,1,0,0,0,0,2.9945525e-06
0.5,0.03,0,3,1,0,0,0,0,1.0134987e-05
0.53,0.08,1,2,0,0,0,0,0,4.135042e-05
0.1,0.17,0,1,1,0,0,0,0,4.4348687e-07
0.22,0.24,0,2,1,0,0,0,0,3.8179402e-07
0.05,0.02,1,2,1,0,0,0,0,0.00032705505
0.19,0.06,0,4,0,0,0,0,0,9.2117525e-06
0.26,0.18,0,2,0,0,0,0,0,5.464318e-05
0.44,0.19,1,0,1,0,0,0,0,2.1329506e-05
0.45,0.05,0,0,1,0,0,0,0,2.1866568e-05
0.33,0.02,0,2,0,1,0,1,1,0.94528496
0.22,0.06,1,1,1,0,0,0,0,5.615727e-05
0.6,0.02,0,2,0,0,0,0,0,3.6496592e-06
0.72,0.03,0,0,0,0,0,0,0,0.00037535647
0.27,0.12,0,4,0,0,0,0,0,4.341397e-06
0.1,0.12,0,2,0,0,0,0,0,0.00010038657
0.06,0.01,0,1,0,0,0,0,0,0.0173135
0.61,0.04,0,1,0,0,0,0,0,8.805055e-06
0.38,0.12,0,3,1,0,0,0,0,1.3851274e-05
0.45,0.11,0,0,1,0,0,0,0,1.9257054e-06
0.44,0.07,1,1,0,0,0,0,0,0.00020646755
0.48,0.03,0,0,1,0,0,0,0,2.4798205e-06
0.1,0.06,0,3,1,0,0,0,0,4.4149892e-05
0.29,0.09,0,3,1,0,0,0,0,2.9549096e-06
0.48,0.0,0,1,0,0,0,0,0,2.4465615e-05
0.31,0.15,0,2,0,1,0,0,0,0.4312351
0.46,0.08,0,7,1,0,0,0,0,1.3470793e-06
0.21,0.0,1,2,1,0,0,0,0,8.920809e-05
0.33,0.11,0,1,0,0,0,0,0,1.63691e-06
0.47,0.07,0,2,0,1,0,0,1,0.8975478
0.17,0.02,0,5,0,0,0,0,0,9.519991e-06
0.42,0.02,1,0,0,0,0,0,0,6.681298e-05
0.66,0.02,0,4,1,0,0,0,0,7.79393e-05
0.41,0.12,0,1,0,0,0,0,0,1.2121443e-06
0.24,0.08,0,4,1,0,0,0,0,2.291693e-06
0.33,0.05,0,3,0,0,0,0,0,4.5485945e-06
0.29,0.48,0,0,1,0,0,0,0,4.210456e-06
0.23,0.16,0,1,0,0,0,0,0,1.1468657e-05
0.44,0.08,0,2,1,0,0,0,0,5.5462027e-07
0.55,0.02,0,2,1,0,0,0,0,7.396286e-07
0.28,0.18,1,4,1,0,0,0,0,0.0004011658
0.14,0.11,1,0,1,0,0,0,0,3.1611191e-06
0.33,0.17,1,5,0,0,0,0,0,0.00017596506
0.68,0.01,0,2,1,0,0,0,0,7.3512645e-05
0.27,0.27,1,2,0,0,0,0,0,0.00031694898
0.26,0.36,0,1,0,0,0,0,0,1.746326e-05
0.21,0.24,0,2,1,0,0,0,0,7.7291475e-07
0.45,0.05,0,2,1,0,0,0,0,7.354959e-06
0.33,0.01,1,6,1,0,0,0,0,0.00030149898
0.39,0.14,1,2,1,0,0,0,0,0.00054639444
0.27,0.0,0,0,0,0,0,0,0,4.551938e-05
0.27,0.08,0,2,1,0,0,0,0,5.50063e-06
0.54,0.07,0,2,1,0,0,0,0,6.864758e-06
0.05,0.05,1,2,1,0,1,1,1,0.7972395
0.19,0.07,0,2,0,0,0,0,0,1.2539702e-05
0.44,0.24,1,3,1,0,0,0,0,0.00087024056
0.19,0.18,0,1,0,0,0,0,0,1.7339513e-05
0.49,0.04,0,1,1,0,0,0,0,7.280976e-06
0.22,0.09,1,1,1,1,0,1,1,0.6835577
0.29,0.21,0,0,1,0,0,0,0,1.2974093e-07
0.25,0.16,0,4,1,0,0,0,0,2.2934769e-06
0.31,0.01,0,2,0,0,0,0,0,5.02441e-05
0.25,0.12,0,0,1,0,0,0,0,4.2830707e-06
0.27,0.01,0,0,1,0,0,0,0,1.8057555e-05
0.08,0.14,0,3,0,0,0,0,0,0.0007994408
0.3,0.26,0,2,0,0,0,0,0,7.1383676e-07
0.2,0.13,0,0,1,0,0,0,0,5.6605895e-06
0.47,0.58,1,3,1,0,1,0,0,0.19277607
0.06,0.04,0,4,0,0,0,0,0,0.0026060245
0.52,0.03,0,2,0,1,0,0,0,0.010618238
0.29,0.02,0,2,1,0,0,0,0,1.459305e-05
0.15,0.15,1,2,1,0,0,0,0,1.9045876e-05
0.11,0.01,0,1,0,0,0,0,0,5.1061383e-05
0.07,0.07,0,2,0,0,0,0,0,0.0001232437
0.26,0.21,0,2,0,1,0,1,0,0.015414996
0.1,0.06,0,2,0,0,0,0,0,0.00015449281
0.43,0.08,0,3,1,0,0,0,0,1.3599005e-06
0.34,0.21,0,3,1,0,0,0,0,8.0411127e-07
0.21,0.15,0,1,0,0,0,0,0,9.828583e-07
0.23,0.18,0,2,0,1,0,0,1,0.90212715
0.28,0.05,0,3,1,0,0,0,0,4.1000247e-05
0.45,0.04,0,2,1,1,0,0,0,0.07992039
0.24,0.09,0,2,0,0,0,0,0,3.2660764e-06
0.49,0.26,0,3,1,0,0,0,0,2.003338e-07
0.62,0.21,1,2,1,0,1,0,1,0.58250636
0.04,0.01,0,0,1,0,0,0,0,0.38533732
0.36,0.12,0,2,0,0,0,0,0,3.3633376e-06
0.17,0.04,0,2,1,0,0,0,0,7.430175e-06
0.22,0.19,0,1,1,0,0,0,0,1.2842179e-07
0.07,0.36,0,2,1,0,0,0,0,0.00011228527
0.29,0.19,0,4,1,0,0,0,0,2.1278686e-06
0.41,0.14,0,2,1,0,0,0,0,1.4345464e-06
0.49,0.03,0,3,0,0,0,0,0,7.167302e-05
0.02,0.05,1,6,1,0,0,0,0,0.004005719
0.28,0.01,0,1,1,0,0,0,0,6.29132e-05
0.64,0.2,1,3,1,0,0,0,0,0.000108842614
0.46,0.02,0,3,0,1,1,1,1,0.99995875
0.26,0.19,0,2,1,0,0,0,0,1.0442594e-06
0.12,0.0,0,3,1,0,0,0,0,2.5602687e-06
0.23,0.09,0,2,0,0,0,0,0,1.2854292e-05
0.26,0.14,0,1,1,0,0,0,0,1.4311166e-06
0.19,0.28,1,1,1,0,0,0,0,3.0501067e-05
0.44,0.2,0,4,1,0,0,0,0,8.11418e-07
0.44,0.24,0,1,1,0,0,0,0,6.3423972e-06
0.1,0.17,0,3,0,0,0,0,0,6.882627e-06
0.3,0.11,0,1,0,0,0,0,0,6.430542e-07
0.34,0.47,0,2,1,0,0,0,0,1.9399284e-05
0.13,0.04,0,4,1,0,0,0,0,0.00027108716
0.22,0.12,0,0,0,0,0,0,0,3.0488773e-06
0.34,0.05,0,3,0,0,0,0,0,6.309969e-06
0.32,0.26,1,1,0,0,0,0,0,2.0401341e-05
0.36,0.05,1,2,0,0,0,0,0,0.00014521352
0.08,0.09,0,3,0,0,0,0,0,0.0007374556
0.28,0.05,0,3,0,1,0,0,0,0.48905256
0.68,0.1,0,2,1,0,0,0,0,3.1939524e-06
0.28,0.38,0,1,1,0,0,0,0,3.843197e-06
0.17,0.05,0,2,1,0,0,0,0,2.4393486e-05
0.2,0.11,0,2,0,0,0,0,0,1.030441e-05
0.1,0.13,0,0,1,0,0,0,0,4.012209e-06
0.37,0.1,0,2,0,0,0,0,0,3.3303413e-06
0.06,0.04,0,1,0,0,0,0,0,0.00037084465
0.22,0.02,0,3,0,0,0,0,0,4.1208466e-05
0.23,0.09,0,1,0,0,0,0,0,1.0529502e-05
0.08,0.08,0,1,1,0,0,0,0,0.000115397794
0.67,0.35,0,5,1,0,0,0,0,4.807132e-05
0.17,0.24,0,1,0,0,1,0,0,0.015997456
0.12,0.19,0,2,0,0,0,0,0,6.6516304e-06
0.25,0.25,0,0,1,0,0,0,0,1.0871807e-07
0.3,0.1,0,2,0,0,0,0,0,1.097466e-06
0.34,0.09,0,1,1,0,0,0,0,2.4004573e-06
0.14,0.05,0,1,1,0,0,0,0,1.8822571e-05
0.3,0.02,0,2,1,0,0,0,0,2.363594e-05
0.33,0.28,0,1,1,0,0,0,0,8.940497e-07
0.25,0.03,0,2,0,0,0,0,0,2.6456546e-06
0.29,0.17,0,2,1,0,0,0,0,6.867716e-05
0.55,0.03,0,3,0,0,0,0,0,2.2574548e-06
0.08,0.17,0,1,0,0,0,0,0,0.00025596714
0.35,0.04,0,0,1,0,0,0,0,8.5014335e-06
0.3,0.33,0,3,1,0,0,0,0,4.5382112e-05
0.46,0.0,0,3,1,0,0,0,0,0.00016954505
0.14,0.05,0,4,1,0,0,0,0,6.1171035e-05
0.34,0.07,0,2,0,0,0,0,0,5.0686135e-06
0.23,0.33,0,4,0,0,1,0,0,0.001956232
0.29,0.24,0,5,1,0,0,0,0,5.7990208e-05
0.1,0.06,0,6,0,0,0,0,0,0.0012783884
0.37,0.13,1,2,1,0,0,0,0,3.0281957e-05
0.5,0.26,0,0,0,1,0,1,0,0.00021997708
0.36,0.3,0,0,0,0,0,0,0,1.363031e-06
0.52,0.0,0,1,0,0,0,0,0,2.803053e-05
0.25,0.04,0,2,1,0,0,0,0,4.08051e-06
0.24,0.02,1,0,0,0,0,0,0,4.3540116e-05
0.22,0.05,0,4,1,0,0,0,0,2.1660246e-05
0.14,0.12,0,0,0,0,0,0,0,1.1668618e-05
0.19,0.09,0,3,0,0,0,0,0,3.5816774e-06
0.02,0.03,0,3,0,0,0,0,0,7.984269e-05
0.57,0.25,0,4,0,0,0,0,0,7.789703e-06
0.14,0.09,1,0,1,0,0,0,0,6.947962e-06
0.09,0.1,0,3,1,0,0,0,0,7.849929e-06
0.51,0.13,1,2,1,0,1,0,0,0.0005107277
0.3,0.09,0,0,1,0,0,0,0,4.2009583e-06
0.1,0.11,0,2,1,0,0,0,0,2.1948406e-06
0.53,0.16,0,6,0,0,0,0,0,5.608225e-07
0.18,0.05,0,1,0,0,0,0,0,9.011297e-06
0.29,0.01,0,3,0,0,0,0,0,0.0005043694
0.36,0.07,0,2,1,0,0,0,0,4.182466e-06
0.54,0.21,0,0,0,0,0,0,0,1.8333921e-07
0.16,0.2,0,2,1,0,0,0,0,7.342171e-05
0.33,0.17,0,1,1,0,0,0,0,1.9982133e-05
0.42,0.09,1,1,0,0,0,0,0,0.00027608208
0.36,0.26,1,1,0,0,0,0,0,0.0003090948
0.27,0.04,1,1,1,1,0,0,1,0.9616139
0.46,0.22,0,1,1,0,0,0,0,5.488027e-05
0.35,0.01,0,2,0,0,0,0,0,4.207918e-05
0.11,0.06,0,1,0,0,0,0,0,2.08747e-05
0.31,0.01,0,1,1,0,0,0,0,5.4464534e-05
0.35,0.2,0,4,0,1,0,0,0,0.005777518
0.14,0.12,0,1,1,0,0,0,0,3.5439934e-05
0.27,0.13,0,1,1,0,0,0,0,2.9422636e-05
0.08,0.19,0,0,1,0,0,0,0,2.2450355e-05
0.13,0.09,1,0,1,0,0,0,0,4.6214973e-06
0.34,0.27,0,3,1,1,0,0,0,0.023813648
0.18,0.08,0,3,0,1,0,1,0,0.20561676
0.35,0.07,0,3,0,0,0,0,0,9.335619e-06
0.65,0.65,1,3,0,0,0,0,0,0.00068772136
0.19,0.21,0,3,0,0,0,0,0,5.273203e-06
0.1,0.1,0,2,1,0,0,0,0,1.1340939e-05
0.19,0.03,0,5,1,0,0,0,0,3.4130728e-05
0.44,0.1,0,2,0,1,0,0,0,0.19884665
0.22,0.06,0,2,0,0,0,0,0,3.454058e-06
0.38,0.12,0,2,0,0,0,0,0,3.2067744e-06
0.69,0.06,0,3,0,0,0,0,0,5.293317e-06
0.32,0.18,0,2,0,0,0,0,0,1.2257883e-05
0.52,0.18,0,4,0,0,0,0,0,6.982578e-08
0.06,0.12,0,3,0,0,0,0,0,0.0037020978
0.06,0.03,0,0,1,0,0,0,0,0.0009967254
0.43,0.23,0,3,0,0,0,0,0,2.4956591e-05
0.25,0.09,0,4,0,0,0,0,0,1.0891425e-06
0.35,0.0,0,1,0,0,0,0,0,6.6799985e-05
0.39,0.2,0,3,0,0,0,0,0,2.0688526e-06
0.32,0.01,0,2,0,0,0,0,0,1.1348792e-05
0.37,0.12,0,3,1,0,0,0,0,1.4527538e-05
0.2,0.15,1,2,0,1,1,1,1,0.9997131
0.51,0.21,0,1,0,0,0,0,0,7.443824e-07
0.05,0.11,0,1,1,0,0,0,0,7.777158e-06
0.16,0.01,0,2,0,0,0,0,0,6.0614686e-05
0.32,0.02,1,2,1,0,1,0,0,0.006001661
0.02,0.09,0,2,0,0,0,0,0,1.6788694e-05
0.37,0.48,0,1,1,0,1,0,0,0.028138107
0.3,0.01,0,4,0,0,0,0,0,0.0007310737
0.67,0.17,0,1,0,0,0,0,0,4.001563e-06
0.19,0.06,0,3,0,0,0,0,0,2.3208127e-06
0.39,0.03,0,1,0,0,0,0,0,2.1682008e-06
0.24,0.0,1,4,0,0,0,0,0,0.016353875
0.12,0.28,1,0,1,0,0,0,0,1.6272971e-06
0.6,0.01,0,2,0,0,0,0,0,1.0603203e-05
0.12,0.06,0,3,0,0,0,0,0,0.000103246355
0.18,0.09,0,1,0,0,0,0,0,1.0080226e-05
0.07,0.05,0,1,1,0,0,0,0,0.00094158866
0.41,0.0,0,4,0,0,0,0,0,0.00047967752
0.26,0.0,0,2,1,0,0,0,0,0.0002678613
0.26,0.14,0,2,1,0,0,0,0,1.21531e-06
0.23,0.05,0,4,1,0,0,0,0,1.7451557e-05
0.38,0.01,0,2,0,0,0,0,0,1.3257118e-05
0.48,0.1,0,2,1,0,0,0,0,1.5720792e-05
0.33,0.2,0,3,1,0,0,0,0,1.8294148e-06
0.15,0.03,1,3,0,0,0,0,0,9.278176e-06
0.65,0.04,0,2,1,1,1,1,1,0.99795014
0.22,0.09,0,2,1,0,0,0,0,7.2296157e-06
0.16,0.29,0,3,1,0,0,0,0,0.00025329014
0.23,0.25,0,2,1,0,0,0,0,5.7707086e-07
0.37,0.06,0,3,0,0,0,0,0,7.302645e-06
0.36,0.08,0,2,0,1,0,0,0,0.48461202
0.19,0.25,0,4,1,0,0,0,0,0.00021953454
0.35,0.06,0,0,1,0,0,0,0,2.194763e-05
0.45,0.09,0,1,0,0,0,0,0,3.0003323e-06
0.06,0.02,0,2,1,0,0,0,0,0.0014187855
0.29,0.25,0,0,0,0,0,0,0,1.4795842e-06
0.2,0.19,0,4,0,0,0,0,0,3.110811e-06
0.37,0.0,0,4,0,0,0,0,0,0.001657365
0.2,0.04,0,2,0,0,0,0,0,2.6907667e-06
0.2,0.08,0,1,1,0,1,0,0,0.008898018
0.4,0.13,0,0,0,0,0,0,0,6.6739844e-06
0.11,0.01,0,4,1,0,0,0,0,7.487586e-06
0.07,0.08,1,2,0,0,0,0,0,0.0004916232
0.15,0.05,0,3,0,0,0,0,0,5.39483e-06
0.18,0.36,0,2,0,0,0,0,0,8.722398e-06
0.36,0.11,0,2,0,0,0,0,0,1.7329046e-06
0.35,0.0,0,3,1,0,0,0,0,0.00026933735
0.19,0.03,1,1,1,1,0,0,1,0.87202233
0.22,0.01,0,5,1,0,0,0,0,9.070685e-06
0.02,0.03,0,0,1,0,0,0,0,0.0013294461
0.06,0.03,0,0,0,0,0,0,0,0.00031910805
0.27,0.02,0,4,1,0,0,0,0,0.0001954459
0.09,0.09,0,1,0,0,0,0,0,4.2392297e-05
0.43,0.02,0,1,0,1,0,0,1,0.66390365
0.53,0.07,0,2,1,0,0,0,0,6.864758e-06
0.16,0.27,0,1,1,0,0,0,0,6.669543e-06
0.33,0.16,0,3,1,0,0,0,0,7.004793e-06
0.6,0.09,1,4,0,0,0,0,0,7.093615e-05
0.4,0.27,0,1,0,1,0,0,0,0.28538707
0.16,0.19,0,1,1,0,0,0,0,8.62903e-06
0.27,0.06,0,2,1,0,0,0,0,9.689183e-06
0.46,0.13,0,0,1,1,0,0,1,0.71367127
0.3,0.12,1,2,1,0,0,0,0,4.1686016e-07
0.24,0.06,0,3,0,0,0,0,0,1.07866235e-05
0.39,0.24,0,1,0,0,0,0,0,2.3304883e-05
0.3,0.19,0,1,1,0,0,0,0,1.1778673e-06
0.47,0.02,0,2,0,0,0,0,0,2.3390405e-05
0.36,0.04,0,3,0,0,0,0,0,1.02493495e-05
0.3,0.23,1,0,1,0,0,0,0,1.1773523e-05
0.13,0.04,1,2,1,0,0,0,0,6.356091e-05
0.33,0.04,0,2,1,0,0,0,0,2.59958e-06
0.41,0.07,0,3,0,1,0,0,0,0.16312172
0.25,0.04,0,0,1,0,0,0,0,5.1901384e-06
0.17,0.08,0,3,1,0,1,0,0,0.003881118
0.14,0.31,0,0,0,0,0,0,0,4.4701673e-07
0.12,0.12,0,2,0,0,0,0,0,9.119075e-06
0.32,0.22,0,3,0,0,0,0,0,1.2029564e-07
0.18,0.01,0,1,1,0,0,0,0,1.7497752e-05
0.29,0.0,0,0,0,0,0,0,0,3.649764e-05
0.51,0.21,0,2,0,0,0,0,0,7.858445e-07
0.2,0.07,0,1,0,0,0,0,0,2.4563873e-05
0.53,0.08,0,0,0,0,0,0,0,1.4031232e-06
0.3,0.15,0,5,1,0,0,0,0,1.3990377e-05
0.42,0.18,0,2,1,0,0,0,0,1.8186236e-05
0.45,0.18,0,3,0,0,0,0,0,2.3687223e-06
0.2,0.25,1,3,0,0,0,0,0,0.0006826404
0.29,0.15,0,3,0,0,0,0,0,4.3491086e-06
0.34,0.12,0,0,1,0,0,0,0,2.0411026e-06
0.58,0.47,0,1,0,0,0,0,0,1.2075225e-05
0.36,0.01,0,1,0,0,0,0,0,2.1295444e-05
0.58,0.11,0,2,1,0,0,0,0,1.0308224e-05
0.44,0.11,0,1,0,0,0,0,0,2.5891911e-06
0.25,0.04,0,0,1,0,0,0,0,5.1901384e-06
0.11,0.1,0,2,0,0,0,0,0,4.8880556e-06
0.32,0.05,1,1,1,0,0,0,0,3.742852e-06
0.32,0.21,1,3,0,1,0,0,1,0.99523723
0.3,0.02,0,1,1,0,0,0,0,1.472367e-05
0.45,0.04,0,2,0,0,0,0,0,5.4643965e-06
0.19,0.05,1,5,0,0,0,0,0,0.0018126001
0.3,0.21,0,0,0,1,0,0,0,0.0032835572
0.38,0.1,1,3,0,0,0,0,0,0.00012725874
0.26,0.05,0,2,0,0,0,0,0,3.688865e-06
0.25,0.06,0,1,1,0,0,0,0,1.3385414e-05
0.25,0.05,0,4,0,0,0,0,0,1.3702744e-05
0.4,0.01,0,2,0,0,0,0,0,5.4209075e-05
0.34,0.02,0,4,0,0,0,0,0,0.00084756047
0.18,0.03,1,2,0,1,0,1,1,0.96000814
0.18,0.01,0,2,0,0,0,0,0,0.00014418285
0.04,0.21,0,2,1,0,0,0,0,0.0009908392
0.22,0.19,0,1,1,1,0,0,0,0.004102095
0.25,0.31,0,2,1,0,0,0,0,8.1423804e-07
0.34,0.16,0,3,0,0,0,0,0,3.135876e-06
0.07,0.04,0,2,0,0,0,0,0,6.982388e-05
0.39,0.11,1,1,0,0,0,0,0,0.00058142183
0.52,0.39,0,3,0,0,0,0,0,3.4357024e-07
0.24,0.13,0,1,0,0,0,0,0,6.3566276e-06
0.22,0.04,0,3,0,0,0,0,0,4.5778384e-06
0.54,0.18,1,3,0,0,1,0,0,0.0052387896
0.42,0.11,0,1,0,0,0,0,0,7.644144e-07
0.45,0.27,0,1,0,0,0,0,0,1.0057439e-06
0.44,0.11,0,1,1,0,0,0,0,9.857636e-07
0.38,0.05,1,0,0,0,0,0,0,0.00035402182
0.29,0.1,0,3,0,1,0,0,0,0.021711623
0.46,0.13,0,1,0,0,0,0,0,3.632801e-05
0.37,0.26,0,1,1,0,0,0,0,1.4418761e-06
0.13,0.0,0,2,0,0,0,0,0,8.3530125e-05
0.49,0.0,0,1,1,0,0,0,0,1.2409378e-05
0.23,0.2,0,0,0,0,0,0,0,2.196562e-06
0.16,0.01,0,2,1,0,0,0,0,7.7941164e-05
0.43,0.17,0,1,0,0,0,0,0,3.7237724e-06
0.23,0.06,0,0,0,0,0,0,0,1.5582753e-05
0.26,0.05,0,3,0,0,0,0,0,6.12161e-06
0.28,0.07,0,4,0,0,0,0,0,2.673257e-05
0.08,0.09,0,3,0,0,0,0,0,0.0007374556
0.15,0.03,1,1,1,0,0,0,0,2.2300708e-05
0.49,0.07,1,6,1,0,0,0,0,4.0614326e-05
0.38,0.28,0,0,0,0,0,0,0,2.6879738e-06
0.41,0.13,0,1,0,0,0,0,0,4.281511e-06
0.09,0.04,0,3,1,0,0,0,0,6.283435e-05
0.23,0.01,0,0,1,1,0,1,0,0.104253195
0.6,0.07,1,3,0,1,0,0,0,0.0038548945
0.39,0.32,0,2,0,0,0,0,0,1.5002494e-06
0.19,0.02,0,1,0,0,0,0,0,9.458277e-05
0.7,0.19,0,2,1,0,0,0,0,0.00026185333
0.37,0.08,0,2,1,0,0,0,0,1.3985463e-06
0.09,0.07,0,2,1,0,0,0,0,2.2801802e-05
0.28,0.16,0,0,0,0,0,0,0,8.78732e-06
0.25,0.13,0,1,0,1,0,0,0,0.24672374
0.36,0.02,0,4,1,0,0,0,0,0.0002688758
0.51,0.02,0,1,0,0,0,0,0,1.37842135e-05
0.7,0.19,0,3,0,0,0,0,0,7.492814e-05
0.14,0.2,0,0,0,0,0,0,0,1.4771902e-06
0.09,0.15,1,2,1,0,0,0,0,0.0004990917
0.39,0.03,0,2,1,0,0,0,0,4.92652e-07
0.28,0.03,0,3,0,0,0,0,0,3.7367936e-05
0.25,0.3,0,3,1,0,0,0,0,2.079695e-06
0.33,0.04,0,3,1,0,0,0,0,1.5520553e-05
0.63,0.13,0,2,1,0,0,0,0,0.0001060789
0.08,0.06,1,1,0,1,0,1,1,0.83842564
0.28,0.02,1,2,0,0,0,0,0,0.0002875005
0.51,0.1,0,2,1,0,0,0,0,3.4475422e-06
0.07,0.16,1,1,0,0,0,0,0,0.0017190203
0.51,0.09,1,0,0,0,0,0,0,3.5007574e-06
0.38,0.21,0,7,0,0,0,0,0,2.5299028e-06
0.17,0.02,0,2,0,0,0,0,0,2.7762899e-05
0.13,0.01,0,0,1,0,0,0,0,1.51464865e-05
0.36,0.24,0,2,1,0,0,0,0,3.2203905e-06
0.19,0.01,0,6,0,0,1,0,1,0.7279196
0.23,0.08,1,1,1,0,0,0,0,0.0003786128
0.4,0.02,0,1,1,0,0,0,0,2.8306333e-06
0.08,0.01,0,3,0,0,0,0,0,0.058836494
0.62,0.1,0,2,1,0,0,0,0,3.7240647e-05
0.56,0.09,0,2,1,0,1,0,0,0.00010029806
0.19,0.05,0,1,1,0,0,0,0,4.791451e-06
0.03,0.09,0,5,0,0,0,0,0,4.969586e-05
0.23,0.17,0,3,1,0,0,0,0,1.3449263e-05
0.22,0.14,0,3,0,0,0,0,0,1.580807e-06
0.1,0.11,1,2,0,0,0,0,0,1.7952083e-06
0.05,0.07,0,1,1,0,0,0,0,1.7511624e-05
0.31,0.02,0,1,0,0,0,0,0,0.00010534998
0.5,0.02,0,2,1,0,0,0,0,3.7589135e-07
0.22,0.0,0,0,1,0,0,0,0,4.694369e-06
0.05,0.08,0,6,1,0,0,0,0,9.217078e-06
0.2,0.07,0,2,0,0,0,0,0,3.897208e-05
0.21,0.12,0,4,0,0,1,0,0,0.00068170496
0.07,0.0,0,1,0,0,0,0,0,0.0005880943
0.11,0.07,0,5,1,1,0,0,0,0.298199
0.25,0.04,0,1,0,0,0,0,0,2.0193922e-06
0.2,0.05,1,0,1,0,1,0,0,0.033209298
0.31,0.03,0,4,0,0,0,0,0,9.627094e-06
0.4,0.04,0,2,1,0,0,0,0,1.9069134e-07
0.48,0.15,0,3,0,0,0,0,0,3.3612982e-06
0.38,0.18,0,1,0,0,0,0,0,0.00022107971
0.2,0.14,0,5,1,0,0,0,0,2.8571703e-05
0.49,0.18,0,0,0,0,0,0,0,1.3135083e-06
0.47,0.07,0,3,0,0,0,0,0,1.724321e-05
0.19,0.14,0,2,0,0,0,0,0,5.213215e-06
0.17,0.12,0,4,0,0,0,0,0,7.108882e-06
0.09,0.04,0,1,1,1,0,1,1,0.9963988
0.33,0.01,0,3,1,0,0,0,0,0.00081400864
0.2,0.01,0,1,0,0,0,0,0,0.00012179875
0.15,0.15,0,1,1,0,0,0,0,1.8390866e-06
0.17,0.15,0,4,0,0,0,0,0,1.6566208e-06
0.4,0.18,0,1,0,0,0,0,0,0.00023175865
0.51,0.36,0,1,0,0,0,0,0,7.223974e-08
0.19,0.06,0,2,1,0,0,0,0,2.3052721e-06
0.34,0.31,0,3,1,0,0,0,0,1.4270212e-06
0.15,0.01,0,2,1,0,0,0,0,4.4743243e-05
0.43,0.18,0,4,0,0,0,0,0,1.9351219e-06
0.47,0.11,0,4,1,0,0,0,0,3.4877878e-06
0.49,0.02,0,3,1,0,0,0,0,4.8097636e-06
0.28,0.08,0,1,0,0,0,0,0,3.834009e-06
0.52,0.17,0,0,0,0,0,0,0,2.4334685e-07
0.78,0.14,1,3,0,0,0,0,0,7.62157e-05
0.64,0.12,0,3,0,0,0,0,0,9.181048e-06
0.02,0.2,0,3,0,0,0,0,0,6.875297e-05
0.2,0.1,1,2,0,0,0,0,0,6.642813e-06
0.19,0.08,0,4,0,0,0,0,0,5.088767e-06
0.49,0.16,0,2,0,1,0,0,0,0.17257743
